-- MySQL dump 10.13  Distrib 5.6.43, for Win64 (x86_64)
--
-- Host: localhost    Database: premier_league_database
-- ------------------------------------------------------
-- Server version	5.6.43-log

/*!40101 SET @OLD_CHARACTER_SET_CLIENT=@@CHARACTER_SET_CLIENT */;
/*!40101 SET @OLD_CHARACTER_SET_RESULTS=@@CHARACTER_SET_RESULTS */;
/*!40101 SET @OLD_COLLATION_CONNECTION=@@COLLATION_CONNECTION */;
/*!40101 SET NAMES utf8 */;
/*!40103 SET @OLD_TIME_ZONE=@@TIME_ZONE */;
/*!40103 SET TIME_ZONE='+00:00' */;
/*!40014 SET @OLD_UNIQUE_CHECKS=@@UNIQUE_CHECKS, UNIQUE_CHECKS=0 */;
/*!40014 SET @OLD_FOREIGN_KEY_CHECKS=@@FOREIGN_KEY_CHECKS, FOREIGN_KEY_CHECKS=0 */;
/*!40101 SET @OLD_SQL_MODE=@@SQL_MODE, SQL_MODE='NO_AUTO_VALUE_ON_ZERO' */;
/*!40111 SET @OLD_SQL_NOTES=@@SQL_NOTES, SQL_NOTES=0 */;

--
-- Table structure for table `clubs`
--

DROP TABLE IF EXISTS `clubs`;
/*!40101 SET @saved_cs_client     = @@character_set_client */;
/*!40101 SET character_set_client = utf8 */;
CREATE TABLE `clubs` (
  `id` int(11) NOT NULL AUTO_INCREMENT,
  `name` varchar(100) NOT NULL,
  `city` varchar(45) NOT NULL,
  `stadium` varchar(45) NOT NULL,
  `foundedyear` int(11) NOT NULL,
  `standings_id` int(11) DEFAULT NULL,
  PRIMARY KEY (`id`),
  KEY `clubs_standings_idx` (`standings_id`),
  CONSTRAINT `clubs_standings` FOREIGN KEY (`standings_id`) REFERENCES `standings` (`id`) ON DELETE CASCADE ON UPDATE CASCADE
) ENGINE=InnoDB AUTO_INCREMENT=21 DEFAULT CHARSET=utf8;
/*!40101 SET character_set_client = @saved_cs_client */;

--
-- Dumping data for table `clubs`
--

LOCK TABLES `clubs` WRITE;
/*!40000 ALTER TABLE `clubs` DISABLE KEYS */;
INSERT INTO `clubs` (`id`, `name`, `city`, `stadium`, `foundedyear`, `standings_id`) VALUES (1,'Manchester United','Manchester','Old Trafford',1878,8),(2,'Arsenal','London','Emirates Stadium',1886,2),(3,'Aston Villa','Birmingham','Villa Park',1874,4),(4,'Bournemouth','Bournemouth','Dean Court',1899,12),(5,'Brentford','London','Brentford Community Stadium',1889,16),(6,'Brighton & Hove Albion','Brighton & Hove','The Amex Stadium',1901,11),(7,'Burnley','Burnley','Turf Moor',1882,19),(8,'Chelsea','London','Stamford Bridge',1905,6),(9,'Crystal Palace','London','Selhurst Park',1861,10),(10,'Everton','Liverpool','Goodison Park',1878,15),(11,'Fulham','London','Craven Cottage',1879,13),(12,'Liverpool','Liverpool','Anfield',1892,3),(13,'Luton Town','Luton','Kenilworth Road',1885,18),(14,'Manchester City','Manchester','Etihad Stadium',1880,1),(15,'Newcastle United','Newcastle','St James\' Park',1892,7),(16,'Nottingham Forest','Nottingham','City Ground',1865,17),(17,'Sheffield United','Sheffield','Bramall Lane',1889,20),(18,'Tottenham Hotspur','London','Tottenham Hotspur Stadium',1882,5),(19,'West Ham United','London','London Stadium',1895,9),(20,'Wolverhampton Wanderers','Wolverhampton','Molineux Stadium',1877,14);
/*!40000 ALTER TABLE `clubs` ENABLE KEYS */;
UNLOCK TABLES;

--
-- Table structure for table `clubs_managers`
--

DROP TABLE IF EXISTS `clubs_managers`;
/*!40101 SET @saved_cs_client     = @@character_set_client */;
/*!40101 SET character_set_client = utf8 */;
CREATE TABLE `clubs_managers` (
  `id` int(11) NOT NULL AUTO_INCREMENT,
  `managers_id` int(11) NOT NULL,
  `clubs_id` int(11) NOT NULL,
  `startdate` date NOT NULL,
  `exitdate` varchar(255) DEFAULT 'Actual Club',
  PRIMARY KEY (`id`),
  KEY `clubsmanagers_manager_idx` (`managers_id`),
  KEY `clubsmanagers_club_idx` (`clubs_id`),
  CONSTRAINT `clubsmanagers_club` FOREIGN KEY (`clubs_id`) REFERENCES `clubs` (`id`) ON DELETE NO ACTION ON UPDATE CASCADE,
  CONSTRAINT `clubsmanagers_manager` FOREIGN KEY (`managers_id`) REFERENCES `managers` (`id`) ON DELETE NO ACTION ON UPDATE CASCADE
) ENGINE=InnoDB AUTO_INCREMENT=21 DEFAULT CHARSET=utf8;
/*!40101 SET character_set_client = @saved_cs_client */;

--
-- Dumping data for table `clubs_managers`
--

LOCK TABLES `clubs_managers` WRITE;
/*!40000 ALTER TABLE `clubs_managers` DISABLE KEYS */;
INSERT INTO `clubs_managers` (`id`, `managers_id`, `clubs_id`, `startdate`, `exitdate`) VALUES (1,1,1,'2022-04-21','Actual Club'),(2,2,2,'2019-12-20','Actual Club'),(3,3,3,'2022-10-24','Actual Club'),(4,4,4,'2023-06-19','Actual Club'),(5,5,5,'2018-10-16','Actual Club'),(6,6,6,'2022-09-18','Actual Club'),(7,7,7,'2022-06-14','Actual Club'),(8,8,8,'2023-05-19','Actual Club'),(9,9,9,'2024-02-19','Actual Club'),(10,10,10,'2023-01-30','Actual Club'),(11,11,11,'2021-07-01','Actual Club'),(12,12,12,'2015-10-08','Actual Club'),(13,13,13,'2022-11-17','Actual Club'),(14,14,14,'2016-02-01','Actual Club'),(15,15,15,'2021-11-08','Actual Club'),(16,16,16,'2021-09-21','Actual Club'),(17,17,17,'2021-11-25','Actual Club'),(18,18,18,'2023-06-06','Actual Club'),(19,19,19,'2017-11-07','Actual Club'),(20,20,20,'2023-08-09','Actual Club');
/*!40000 ALTER TABLE `clubs_managers` ENABLE KEYS */;
UNLOCK TABLES;

--
-- Table structure for table `clubs_matches`
--

DROP TABLE IF EXISTS `clubs_matches`;
/*!40101 SET @saved_cs_client     = @@character_set_client */;
/*!40101 SET character_set_client = utf8 */;
CREATE TABLE `clubs_matches` (
  `id` int(11) NOT NULL AUTO_INCREMENT,
  `homeclub_id` int(11) NOT NULL,
  `awayclub_id` int(11) NOT NULL,
  `matches_id` int(11) NOT NULL,
  PRIMARY KEY (`id`),
  KEY `matchesclubs_homeclub_idx` (`homeclub_id`),
  KEY `matchesclubs_awayclub_idx` (`awayclub_id`),
  KEY `matchesclubs_match_idx` (`matches_id`),
  CONSTRAINT `matchesclubs_awayclub` FOREIGN KEY (`awayclub_id`) REFERENCES `clubs` (`id`) ON DELETE CASCADE ON UPDATE CASCADE,
  CONSTRAINT `matchesclubs_homeclub` FOREIGN KEY (`homeclub_id`) REFERENCES `clubs` (`id`) ON DELETE CASCADE ON UPDATE CASCADE,
  CONSTRAINT `matchesclubs_match` FOREIGN KEY (`matches_id`) REFERENCES `matches` (`id`) ON DELETE CASCADE ON UPDATE CASCADE
) ENGINE=InnoDB AUTO_INCREMENT=381 DEFAULT CHARSET=utf8;
/*!40101 SET character_set_client = @saved_cs_client */;

--
-- Dumping data for table `clubs_matches`
--

LOCK TABLES `clubs_matches` WRITE;
/*!40000 ALTER TABLE `clubs_matches` DISABLE KEYS */;
INSERT INTO `clubs_matches` (`id`, `homeclub_id`, `awayclub_id`, `matches_id`) VALUES (1,7,14,1),(2,2,16,2),(3,15,3,3),(4,6,13,4),(5,4,19,5),(6,10,11,6),(7,17,9,7),(8,8,12,8),(9,5,18,9),(10,1,20,10),(11,16,17,11),(12,14,15,12),(13,12,4,13),(14,18,1,14),(15,11,5,15),(16,20,6,16),(17,3,10,17),(18,19,8,18),(19,9,2,19),(20,8,13,20),(21,2,11,21),(22,1,16,22),(23,6,19,23),(24,4,18,24),(25,10,20,25),(26,5,9,26),(27,15,12,27),(28,7,3,28),(29,17,14,29),(30,13,19,30),(31,14,11,31),(32,8,16,32),(33,6,15,33),(34,5,4,34),(35,7,18,35),(36,17,10,36),(37,2,1,37),(38,12,3,38),(39,9,20,39),(40,3,9,40),(41,18,17,41),(42,15,5,42),(43,1,6,43),(44,19,14,44),(45,11,13,45),(46,20,12,46),(47,4,8,47),(48,10,2,48),(49,16,7,49),(50,14,16,50),(51,9,11,51),(52,5,10,52),(53,13,20,53),(54,7,1,54),(55,2,18,55),(56,12,19,56),(57,8,3,57),(58,6,4,58),(59,17,15,59),(60,3,6,60),(61,18,12,61),(62,15,7,62),(63,1,9,63),(64,19,17,64),(65,4,2,65),(66,20,14,66),(67,10,13,67),(68,16,5,68),(69,11,8,69),(70,13,7,70),(71,1,5,71),(72,9,16,72),(73,11,17,73),(74,10,4,74),(75,13,18,75),(76,7,8,76),(77,2,14,77),(78,19,15,78),(79,6,12,79),(80,20,3,80),(81,14,6,81),(82,12,10,82),(83,8,2,83),(84,15,9,84),(85,4,20,85),(86,5,7,86),(87,16,13,87),(88,17,1,88),(89,3,19,89),(90,18,11,90),(91,9,18,91),(92,2,17,92),(93,8,5,93),(94,4,7,94),(95,20,15,95),(96,12,16,96),(97,3,13,97),(98,1,14,98),(99,19,10,99),(100,6,11,100),(101,14,4,101),(102,15,2,102),(103,11,1,103),(104,10,6,104),(105,5,19,105),(106,7,9,106),(107,17,20,107),(108,16,3,108),(109,13,12,109),(110,18,8,110),(111,2,7,111),(112,1,13,112),(113,9,10,113),(114,4,15,114),(115,20,18,115),(116,12,5,116),(117,3,11,117),(118,8,14,118),(119,19,16,119),(120,6,17,120),(121,14,12,121),(122,15,8,122),(123,5,2,123),(124,16,6,124),(125,13,9,125),(126,7,19,126),(127,17,4,127),(128,18,3,128),(129,10,1,129),(130,11,20,130),(131,2,20,131),(132,15,1,132),(133,5,13,133),(134,16,10,134),(135,7,17,135),(136,14,18,136),(137,12,11,137),(138,8,6,138),(139,19,9,139),(140,4,3,140),(141,20,7,141),(142,13,2,142),(143,3,14,143),(144,1,8,144),(145,9,4,145),(146,6,5,146),(147,11,16,147),(148,17,12,148),(149,18,19,149),(150,10,15,150),(151,3,2,151),(152,1,4,152),(153,9,12,153),(154,6,7,154),(155,20,16,155),(156,17,5,156),(157,18,15,157),(158,11,19,158),(159,10,8,159),(160,13,14,160),(161,16,18,161),(162,14,9,162),(163,8,17,163),(164,15,11,164),(165,7,10,165),(166,2,6,166),(167,12,1,167),(168,19,20,168),(169,5,3,169),(170,9,6,170),(171,3,17,171),(172,12,2,172),(173,18,10,173),(174,19,1,174),(175,11,7,175),(176,16,4,176),(177,13,15,177),(178,20,8,178),(179,15,16,179),(180,1,3,180),(181,4,11,181),(182,7,12,182),(183,17,13,183),(184,8,9,184),(185,10,14,185),(186,5,20,186),(187,2,19,187),(188,6,18,188),(189,14,17,189),(190,3,7,190),(191,9,5,191),(192,20,10,192),(193,16,1,193),(194,13,8,194),(195,18,4,195),(196,11,2,196),(197,12,15,197),(198,19,6,198),(199,7,13,199),(200,8,11,200),(201,15,14,201),(202,1,18,202),(203,10,3,203),(204,2,9,204),(205,5,16,205),(206,4,12,206),(207,17,19,207),(208,6,20,208),(209,3,15,209),(210,9,17,210),(211,11,10,211),(212,16,2,212),(213,13,6,213),(214,14,7,214),(215,12,8,215),(216,18,5,216),(217,19,4,217),(218,20,1,218),(219,15,13,219),(220,6,9,220),(221,10,18,221),(222,7,11,222),(223,17,3,223),(224,2,12,224),(225,8,20,225),(226,1,19,226),(227,4,16,227),(228,5,14,228),(229,14,10,229),(230,12,7,230),(231,18,6,231),(232,11,4,232),(233,20,5,233),(234,16,15,234),(235,13,17,235),(236,3,1,236),(237,19,2,237),(238,9,8,238),(239,14,8,239),(240,18,20,240),(241,15,4,241),(242,11,3,242),(243,5,12,243),(244,16,19,244),(245,7,2,245),(246,13,1,246),(247,17,6,247),(248,10,9,248),(249,14,5,249),(250,12,13,250),(251,2,15,251),(252,3,16,252),(253,1,11,253),(254,9,7,254),(255,6,10,255),(256,4,14,256),(257,20,17,257),(258,19,5,258),(259,18,9,259),(260,15,20,260),(261,11,6,261),(262,10,19,262),(263,5,8,263),(264,16,12,264),(265,13,3,265),(266,14,1,266),(267,7,4,267),(268,17,2,268),(269,2,5,269),(270,1,10,270),(271,9,13,271),(272,4,17,272),(273,20,11,273),(274,12,14,274),(275,3,18,275),(276,19,7,276),(277,6,16,277),(278,8,15,278),(279,4,13,279),(280,11,18,280),(281,13,16,281),(282,7,5,282),(283,19,3,283),(284,3,20,284),(285,18,13,285),(286,8,7,286),(287,15,19,287),(288,4,10,288),(289,5,1,289),(290,16,9,290),(291,17,11,291),(292,14,2,292),(293,12,6,293),(294,15,10,294),(295,19,18,295),(296,4,9,296),(297,16,11,297),(298,7,20,298),(299,14,3,299),(300,2,13,300),(301,5,6,301),(302,12,17,302),(303,8,1,303),(304,3,5,304),(305,9,14,305),(306,6,2,306),(307,11,15,307),(308,20,19,308),(309,10,7,309),(310,13,4,310),(311,18,16,311),(312,1,12,312),(313,17,8,313),(314,14,13,314),(315,15,18,315),(316,4,1,316),(317,5,17,317),(318,16,20,318),(319,7,6,319),(320,2,3,320),(321,12,9,321),(322,19,11,322),(323,8,10,323),(324,20,2,324),(325,13,5,325),(326,17,7,326),(327,3,4,327),(328,9,19,328),(329,11,12,329),(330,10,16,330),(331,2,8,331),(332,1,17,332),(333,9,15,333),(334,20,4,334),(335,10,12,335),(336,6,14,336),(337,3,8,337),(338,15,17,338),(339,1,7,339),(340,19,12,340),(341,11,9,341),(342,20,13,342),(343,10,5,343),(344,18,2,344),(345,4,6,345),(346,16,14,346),(347,8,18,347),(348,13,10,348),(349,14,20,349),(350,2,4,350),(351,5,11,351),(352,7,15,352),(353,17,16,353),(354,12,18,354),(355,8,19,355),(356,6,3,356),(357,9,1,357),(358,18,7,358),(359,15,6,359),(360,19,13,360),(361,4,5,361),(362,11,14,362),(363,20,9,363),(364,10,17,364),(365,16,8,365),(366,1,2,366),(367,3,12,367),(368,18,14,368),(369,1,15,369),(370,6,8,370),(371,14,19,371),(372,2,10,372),(373,12,20,373),(374,8,4,374),(375,9,3,375),(376,6,1,376),(377,5,15,377),(378,13,11,378),(379,7,16,379),(380,17,18,380);
/*!40000 ALTER TABLE `clubs_matches` ENABLE KEYS */;
UNLOCK TABLES;

--
-- Table structure for table `clubs_players`
--

DROP TABLE IF EXISTS `clubs_players`;
/*!40101 SET @saved_cs_client     = @@character_set_client */;
/*!40101 SET character_set_client = utf8 */;
CREATE TABLE `clubs_players` (
  `id` int(11) NOT NULL AUTO_INCREMENT,
  `players_id` int(11) NOT NULL,
  `clubs_id` int(11) NOT NULL,
  `startdate` date NOT NULL,
  `exitdate` varchar(255) DEFAULT 'Actual club',
  PRIMARY KEY (`id`),
  KEY `clubsplayers_players_idx` (`players_id`),
  KEY `clubsplayers_clubs_idx` (`clubs_id`),
  CONSTRAINT `clubsplayers_clubs` FOREIGN KEY (`clubs_id`) REFERENCES `clubs` (`id`) ON DELETE NO ACTION ON UPDATE CASCADE,
  CONSTRAINT `clubsplayers_players` FOREIGN KEY (`players_id`) REFERENCES `players` (`id`) ON DELETE NO ACTION ON UPDATE NO ACTION
) ENGINE=InnoDB AUTO_INCREMENT=516 DEFAULT CHARSET=utf8;
/*!40101 SET character_set_client = @saved_cs_client */;

--
-- Dumping data for table `clubs_players`
--

LOCK TABLES `clubs_players` WRITE;
/*!40000 ALTER TABLE `clubs_players` DISABLE KEYS */;
INSERT INTO `clubs_players` (`id`, `players_id`, `clubs_id`, `startdate`, `exitdate`) VALUES (1,1,1,'2023-07-20','Actual club'),(2,2,1,'2023-09-01','Actual club'),(3,3,1,'2021-07-02','Actual club'),(4,4,1,'2022-07-27','Actual club'),(5,5,1,'2021-08-14','Actual club'),(6,6,1,'2019-08-05','Actual club'),(7,7,1,'2017-07-01','Actual club'),(8,8,1,'2024-01-01','Actual club'),(9,9,1,'2023-07-18','Actual club'),(10,10,1,'2014-07-01','Actual club'),(11,11,1,'2022-07-05','Actual club'),(12,12,1,'2019-07-01','Actual club'),(13,13,1,'2018-07-01','Actual club'),(14,14,1,'2019-07-01','Actual club'),(15,15,1,'2017-07-01','Actual club'),(16,16,1,'2023-09-01','Actual club'),(17,17,1,'2022-08-19','Actual club'),(18,18,1,'2022-07-15','Actual club'),(19,19,1,'2020-01-30','Actual club'),(20,20,1,'2023-07-05','Actual club'),(21,21,1,'2020-10-05','Actual club'),(22,22,1,'2022-09-01','Actual club'),(23,23,1,'2015-09-01','Actual club'),(24,24,1,'2015-07-01','Actual club'),(25,25,2,'2021-08-20','Actual club'),(26,26,2,'2023-08-10','Actual club'),(27,27,2,'2018-07-01','Actual club'),(28,28,2,'2019-07-01','Actual club'),(29,29,2,'2021-07-30','Actual club'),(30,30,2,'2020-09-01','Actual club'),(31,31,2,'2023-07-14','Actual club'),(32,32,2,'2023-01-23','Actual club'),(33,33,2,'2020-01-31','Actual club'),(34,34,2,'2021-08-31','Actual club'),(35,35,2,'2022-07-22','Actual club'),(36,36,2,'2020-10-05','Actual club'),(37,37,2,'2021-08-25','Actual club'),(38,38,2,'2018-07-01','Actual club'),(39,39,2,'2023-01-31','Actual club'),(40,40,2,'2022-06-30','Actual club'),(41,41,2,'2016-01-13','Actual club'),(42,42,2,'2023-06-28','Actual club'),(43,43,2,'2023-07-15','Actual club'),(44,44,2,'2018-07-01','Actual club'),(45,45,2,'2022-07-04','Actual club'),(46,46,2,'2019-07-02','Actual club'),(47,47,2,'2015-07-01','Actual club'),(48,48,2,'2023-01-20','Actual club'),(49,49,2,'2016-07-01','Actual club'),(50,50,3,'2020-09-01','Actual club'),(51,51,3,'2022-01-01','Actual club'),(52,52,3,'2023-07-01','Actual club'),(53,53,3,'2020-09-01','Actual club'),(54,54,3,'2022-06-01','Actual club'),(55,55,3,'2019-07-01','Actual club'),(56,56,3,'2019-01-01','Actual club'),(57,57,3,'2023-01-01','Actual club'),(58,58,3,'2022-01-01','Actual club'),(59,59,3,'2022-01-01','Actual club'),(60,60,3,'2023-07-01','Actual club'),(61,61,3,'2023-09-01','Actual club'),(62,62,3,'1905-07-11','Actual club'),(63,63,3,'2019-08-01','Actual club'),(64,64,3,'2018-08-01','Actual club'),(65,65,3,'2021-06-01','Actual club'),(66,66,3,'1905-07-11','Actual club'),(67,67,3,'2022-07-01','Actual club'),(68,68,3,'2021-08-01','Actual club'),(69,69,3,'2023-07-01','Actual club'),(70,70,3,'2023-08-01','Actual club'),(71,71,3,'2020-09-01','Actual club'),(72,72,3,'2023-01-01','Actual club'),(73,73,3,'2023-07-01','Actual club'),(74,74,3,'1905-07-11','Actual club'),(75,75,4,'2022-08-07','Actual club'),(76,76,4,'2022-06-08','Actual club'),(77,77,4,'2023-07-01','Actual club'),(78,78,4,'2016-07-08','Actual club'),(79,79,4,'2019-07-01','Actual club'),(80,80,4,'2019-01-22','Actual club'),(81,81,4,'2018-07-01','Actual club'),(82,82,4,'2022-07-01','Actual club'),(83,83,4,'2019-01-04','Actual club'),(84,84,4,'2021-08-31','Actual club'),(85,85,4,'2023-01-23','Actual club'),(86,86,4,'2023-01-21','Actual club'),(87,87,4,'2014-01-28','Actual club'),(88,88,4,'2022-07-01','Actual club'),(89,89,4,'2023-07-01','Actual club'),(90,90,4,'2023-08-15','Actual club'),(91,91,4,'2022-01-31','Actual club'),(92,92,4,'2023-01-31','Actual club'),(93,93,4,'2022-01-05','Actual club'),(94,94,4,'2023-01-27','Actual club'),(95,95,4,'2022-07-08','Actual club'),(96,96,4,'2018-07-01','Actual club'),(97,97,4,'2023-01-31','Actual club'),(98,98,4,'2019-07-01','Actual club'),(99,99,4,'2019-07-01','Actual club'),(100,100,1,'2022-07-01','Actual club'),(101,101,1,'2021-01-01','Actual club'),(102,102,1,'2023-08-05','Actual club'),(103,103,1,'2021-07-01','Actual club'),(104,104,1,'2019-08-11','Actual club'),(105,105,2,'2020-09-21','Actual club'),(106,106,2,'2018-07-01','Actual club'),(107,107,2,'2016-07-22','Actual club'),(108,108,2,'2019-08-08','Actual club'),(109,109,2,'2021-07-19','Actual club'),(110,110,2,'2019-08-01','Actual club'),(111,111,2,'2022-06-10','Actual club'),(112,112,2,'2020-07-01','Actual club'),(113,113,3,'2022-09-01','Actual club'),(114,114,3,'2022-01-07','Actual club'),(115,115,3,'2020-09-19','Actual club'),(116,116,3,'2020-07-01','Actual club'),(117,117,3,'2019-01-31','Actual club'),(118,118,4,'2023-08-09','Actual club'),(119,119,4,'2023-08-10','Actual club'),(120,120,4,'2023-09-01','Actual club'),(121,121,5,'2023-07-01','Actual club'),(122,122,5,'2022-07-01','Actual club'),(123,123,5,'2016-08-31','Actual club'),(124,124,5,'2020-08-19','Actual club'),(125,125,5,'2019-07-02','Actual club'),(126,126,5,'2019-07-25','Actual club'),(127,127,5,'2017-08-31','Actual club'),(128,128,5,'2019-08-10','Actual club'),(129,129,5,'2023-01-11','Actual club'),(130,130,5,'2018-08-21','Actual club'),(131,131,5,'2021-08-10','Actual club'),(132,132,5,'2021-09-01','Actual club'),(133,133,5,'2021-07-20','Actual club'),(134,134,5,'2022-07-22','Actual club'),(135,135,5,'2020-08-31','Actual club'),(136,136,5,'2019-08-05','Actual club'),(137,137,5,'2021-07-20','Actual club'),(138,138,5,'2022-07-14','Actual club'),(139,139,5,'2023-07-01','Actual club'),(140,140,5,'2022-07-12','Actual club'),(141,141,5,'2022-08-10','Actual club'),(142,142,5,'2021-07-23','Actual club'),(143,143,5,'2020-01-31','Actual club'),(144,144,5,'2020-10-03','Actual club'),(145,145,5,'2019-08-06','Actual club'),(146,146,5,'2022-08-02','Actual club'),(147,147,5,'2023-07-01','Actual club'),(148,148,5,'2018-07-01','Actual club'),(149,149,5,'2023-07-14','Actual club'),(150,150,5,'2023-07-05','Actual club'),(151,174,6,'2018-07-01','Actual club'),(152,175,6,'2018-07-01','Actual club'),(153,176,6,'2023-07-01','Actual club'),(154,177,6,'2020-01-31','Actual club'),(155,178,6,'2023-07-26','Actual club'),(156,179,6,'2019-08-03','Actual club'),(157,180,6,'2010-07-01','Actual club'),(158,181,6,'2022-08-16','Actual club'),(159,182,6,'2020-07-29','Actual club'),(160,183,6,'2024-01-20','Actual club'),(161,184,6,'2020-09-10','Actual club'),(162,185,6,'2023-07-01','Actual club'),(163,186,6,'2011-11-01','Actual club'),(164,187,6,'2017-07-01','Actual club'),(165,188,6,'2020-10-01','Actual club'),(166,189,6,'2021-07-01','Actual club'),(167,190,6,'2022-07-01','Actual club'),(168,191,6,'2023-01-01','Actual club'),(169,192,6,'2023-07-01','Actual club'),(170,193,6,'2022-07-01','Actual club'),(171,194,6,'2023-07-01','Actual club'),(172,195,6,'2020-10-01','Actual club'),(173,196,6,'2022-07-01','Actual club'),(174,197,6,'2022-07-01','Actual club'),(175,198,6,'2021-07-01','Actual club'),(176,199,6,'2021-07-01','Actual club'),(177,200,6,'2023-09-01','Actual club'),(178,201,6,'2020-07-28','Actual club'),(179,202,6,'2023-07-01','Actual club'),(180,203,7,'2022-07-01','Actual club'),(181,204,7,'2023-07-20','Actual club'),(182,205,7,'2023-07-01','Actual club'),(183,206,7,'2021-08-31','Actual club'),(184,207,7,'2022-07-01','Actual club'),(185,208,7,'2023-07-01','Actual club'),(186,209,7,'2023-01-01','Actual club'),(187,210,7,'2023-07-01','Actual club'),(188,211,7,'2023-01-01','Actual club'),(189,212,7,'2017-07-06','Actual club'),(190,213,7,'2022-07-01','Actual club'),(191,214,7,'2023-08-01','Actual club'),(192,215,7,'2017-07-11','Actual club'),(193,216,7,'2020-01-30','Actual club'),(194,217,7,'2017-07-19','Actual club'),(195,218,7,'2022-07-01','Actual club'),(196,219,7,'2023-07-01','Actual club'),(197,220,7,'2023-07-01','Actual club'),(198,221,7,'2023-07-01','Actual club'),(199,222,7,'2023-01-01','Actual club'),(200,223,7,'2019-07-19','Actual club'),(201,224,7,'2023-07-01','Actual club'),(202,225,7,'2022-08-01','Actual club'),(203,226,7,'2023-07-01','Actual club'),(204,227,7,'2022-07-01','Actual club'),(205,228,7,'2023-08-01','Actual club'),(206,229,7,'2023-09-01','Actual club'),(207,230,7,'2023-09-01','Actual club'),(208,267,8,'2023-08-05','Actual club'),(209,268,8,'2021-07-01','Actual club'),(210,269,8,'2022-07-01','Actual club'),(211,270,8,'2019-07-01','Actual club'),(212,271,8,'2023-07-01','Actual club'),(213,272,8,'2022-08-05','Actual club'),(214,273,8,'2020-08-26','Actual club'),(215,274,8,'2020-08-28','Actual club'),(216,275,8,'2022-08-31','Actual club'),(217,276,8,'2023-01-05','Actual club'),(218,277,8,'2021-07-01','Actual club'),(219,278,8,'2021-07-01','Actual club'),(220,279,8,'2023-08-04','Actual club'),(221,280,8,'2023-08-14','Actual club'),(222,281,8,'2023-01-31','Actual club'),(223,282,8,'2021-07-01','Actual club'),(224,283,8,'2023-07-01','Actual club'),(225,284,8,'2022-08-01','Actual club'),(226,285,8,'2022-07-13','Actual club'),(227,286,8,'2023-01-15','Actual club'),(228,287,8,'2023-01-26','Actual club'),(229,288,8,'2020-07-01','Actual club'),(230,289,8,'2023-06-30','Actual club'),(231,290,8,'2023-07-01','Actual club'),(232,291,8,'2019-07-01','Actual club'),(233,292,8,'2023-07-01','Actual club'),(234,293,8,'2022-02-01','Actual club'),(235,294,8,'2022-07-01','Actual club'),(236,295,9,'2022-07-01','Actual club'),(237,296,9,'2023-08-31','Actual club'),(238,297,9,'2022-07-01','Actual club'),(239,298,9,'2023-07-01','Actual club'),(240,299,9,'2012-07-01','Actual club'),(241,300,9,'2020-10-14','Actual club'),(242,301,9,'2020-07-01','Actual club'),(243,302,9,'2021-07-18','Actual club'),(244,303,9,'2021-07-28','Actual club'),(245,304,9,'2016-07-05','Actual club'),(246,305,9,'2022-07-27','Actual club'),(247,306,9,'2023-09-01','Actual club'),(248,307,9,'2020-07-01','Actual club'),(249,308,9,'2023-09-01','Actual club'),(250,309,9,'2022-07-11','Actual club'),(251,310,9,'2023-07-01','Actual club'),(252,311,9,'2021-08-27','Actual club'),(253,312,9,'2020-08-28','Actual club'),(254,313,9,'2017-01-13','Actual club'),(255,314,9,'2023-01-30','Actual club'),(256,315,9,'2017-07-24','Actual club'),(257,316,9,'2021-07-08','Actual club'),(258,317,9,'2019-07-25','Actual club'),(259,318,9,'2021-08-31','Actual club'),(260,319,9,'2021-01-21','Actual club'),(261,320,9,'2021-07-01','Actual club'),(262,321,10,'2017-07-01','Actual club'),(263,322,10,'2018-07-01','Actual club'),(264,323,10,'2021-07-20','Actual club'),(265,324,10,'2022-07-01','Actual club'),(266,325,10,'2022-01-04','Actual club'),(267,326,10,'2017-07-03','Actual club'),(268,327,10,'2022-07-01','Actual club'),(269,328,10,'2023-07-13','Actual club'),(270,329,10,'2022-01-01','Actual club'),(271,330,10,'2020-10-05','Actual club'),(272,331,10,'2009-01-01','Actual club'),(273,332,10,'2020-01-13','Actual club'),(274,333,10,'2022-08-09','Actual club'),(275,334,10,'2020-09-08','Actual club'),(276,335,10,'2022-01-31','Actual club'),(277,336,10,'2019-06-25','Actual club'),(278,337,10,'2022-09-01','Actual club'),(279,338,10,'2022-09-01','Actual club'),(280,339,10,'2022-07-28','Actual club'),(281,340,10,'2016-08-31','Actual club'),(282,341,10,'2023-07-23','Actual club'),(283,342,10,'2023-08-14','Actual club'),(284,343,10,'2023-08-30','Actual club'),(285,344,10,'2023-08-08','Actual club'),(286,345,10,'2020-07-01','Actual club'),(287,346,11,'2022-08-01','Actual club'),(288,347,11,'2013-07-01','Actual club'),(289,348,11,'2023-07-01','Actual club'),(290,349,11,'2015-08-01','Actual club'),(291,350,11,'2022-08-10','Actual club'),(292,351,11,'2023-07-01','Actual club'),(293,352,11,'2020-08-20','Actual club'),(294,353,11,'2020-09-10','Actual club'),(295,354,11,'2023-09-01','Actual club'),(296,355,11,'2022-07-04','Actual club'),(297,356,11,'2020-08-29','Actual club'),(298,357,11,'2023-01-31','Actual club'),(299,358,11,'2015-07-01','Actual club'),(300,359,11,'2022-07-01','Actual club'),(301,360,11,'2023-08-29','Actual club'),(302,361,11,'2019-07-01','Actual club'),(303,362,11,'2021-07-24','Actual club'),(304,363,11,'2022-08-12','Actual club'),(305,364,11,'2023-07-25','Actual club'),(306,365,11,'2021-08-20','Actual club'),(307,366,12,'2018-07-20','Actual club'),(308,367,12,'2015-07-01','Actual club'),(309,368,12,'2019-08-05','Actual club'),(310,369,12,'2016-07-01','Actual club'),(311,370,12,'2015-07-01','Actual club'),(312,371,12,'2018-01-01','Actual club'),(313,372,12,'2021-07-01','Actual club'),(314,373,12,'2016-07-01','Actual club'),(315,374,12,'2017-07-21','Actual club'),(316,375,12,'2020-08-11','Actual club'),(317,376,12,'2020-09-18','Actual club'),(318,377,12,'2018-02-01','Actual club'),(319,378,12,'2023-07-01','Actual club'),(320,379,12,'2023-07-01','Actual club'),(321,380,12,'2019-07-01','Actual club'),(322,381,12,'2021-11-01','Actual club'),(323,382,12,'2017-07-01','Actual club'),(324,383,12,'2020-09-19','Actual club'),(325,384,12,'2022-07-01','Actual club'),(326,385,12,'2022-01-30','Actual club'),(327,386,12,'2023-01-01','Actual club'),(328,387,12,'2023-08-16','Actual club'),(329,388,12,'2023-09-01','Actual club'),(330,389,12,'2021-07-01','Actual club'),(331,390,12,'2021-07-01','Actual club'),(332,391,12,'2022-07-01','Actual club'),(333,392,12,'2021-07-01','Actual club'),(334,393,13,'2017-07-01','Actual club'),(335,394,13,'2020-11-18','Actual club'),(336,395,13,'2015-07-01','Actual club'),(337,396,13,'2020-09-01','Actual club'),(338,397,13,'2023-07-03','Actual club'),(339,398,13,'2023-08-09','Actual club'),(340,399,13,'2023-07-01','Actual club'),(341,400,13,'2017-08-25','Actual club'),(342,401,13,'2022-07-01','Actual club'),(343,402,13,'2022-07-01','Actual club'),(344,403,13,'2021-02-01','Actual club'),(345,404,13,'2023-07-01','Actual club'),(346,405,13,'2023-07-20','Actual club'),(347,406,13,'2023-07-01','Actual club'),(348,407,13,'2021-07-01','Actual club'),(349,408,13,'2014-01-28','Actual club'),(350,409,13,'2020-08-05','Actual club'),(351,410,13,'2022-07-01','Actual club'),(352,411,13,'2023-07-01','Actual club'),(353,412,13,'2021-07-01','Actual club'),(354,413,13,'2023-07-01','Actual club'),(355,414,13,'2023-07-28','Actual club'),(356,415,13,'2021-07-01','Actual club'),(357,416,13,'2023-07-01','Actual club'),(358,417,13,'2023-07-01','Actual club'),(359,418,13,'2023-07-01','Actual club'),(360,419,13,'2022-07-01','Actual club'),(361,420,14,'2017-07-01','Actual club'),(362,421,14,'2022-07-01','Actual club'),(363,422,14,'2021-07-01','Actual club'),(364,423,14,'2017-07-14','Actual club'),(365,424,14,'2020-09-29','Actual club'),(366,425,14,'2016-08-09','Actual club'),(367,426,14,'2020-08-06','Actual club'),(368,427,14,'2023-08-05','Actual club'),(369,428,14,'2022-09-01','Actual club'),(370,429,14,'2022-07-01','Actual club'),(371,430,14,'2022-08-16','Actual club'),(372,431,14,'2021-07-01','Actual club'),(373,432,14,'2015-08-30','Actual club'),(374,433,14,'2019-07-04','Actual club'),(375,434,14,'2017-07-01','Actual club'),(376,435,14,'2021-08-05','Actual club'),(377,436,14,'2017-07-01','Actual club'),(378,437,14,'2023-06-27','Actual club'),(379,438,14,'2023-09-01','Actual club'),(380,439,14,'2023-07-01','Actual club'),(381,440,14,'2022-07-01','Actual club'),(382,441,14,'2022-01-31','Actual club'),(383,442,14,'2023-08-24','Actual club'),(384,443,14,'2019-07-01','Actual club'),(385,444,14,'2022-07-04','Actual club'),(386,445,14,'2023-01-23','Actual club'),(387,446,14,'2019-07-01','Actual club'),(388,447,15,'2018-01-30','Actual club'),(389,448,15,'2022-07-01','Actual club'),(390,449,15,'2020-07-03','Actual club'),(391,450,15,'2022-09-12','Actual club'),(392,451,15,'2022-01-07','Actual club'),(393,452,15,'2019-08-08','Actual club'),(394,453,15,'2017-07-21','Actual club'),(395,454,15,'2023-01-30','Actual club'),(396,455,15,'2022-07-01','Actual club'),(397,456,15,'2018-07-26','Actual club'),(398,457,15,'2014-08-09','Actual club'),(399,458,15,'2022-01-30','Actual club'),(400,459,15,'2012-01-01','Actual club'),(401,460,15,'2023-08-22','Actual club'),(402,461,15,'2022-01-31','Actual club'),(403,462,15,'2023-08-05','Actual club'),(404,463,15,'2019-07-23','Actual club'),(405,464,15,'2023-07-03','Actual club'),(406,465,15,'2016-07-01','Actual club'),(407,466,15,'2021-08-13','Actual club'),(408,467,15,'2022-01-30','Actual club'),(409,468,15,'2023-07-23','Actual club'),(410,469,15,'2019-07-01','Actual club'),(411,470,15,'2023-01-29','Actual club'),(412,471,15,'2019-01-31','Actual club'),(413,472,15,'2017-07-19','Actual club'),(414,473,15,'2022-08-26','Actual club'),(415,474,15,'2020-09-07','Actual club'),(416,475,15,'2016-07-01','Actual club'),(417,476,16,'2023-08-09','Actual club'),(418,477,16,'2022-07-15','Actual club'),(419,478,16,'2023-09-01','Actual club'),(420,479,16,'2023-08-30','Actual club'),(421,480,16,'2022-07-01','Actual club'),(422,481,16,'2023-07-22','Actual club'),(423,482,16,'2022-07-20','Actual club'),(424,483,16,'2023-09-01','Actual club'),(425,484,16,'2022-08-31','Actual club'),(426,485,16,'2022-07-06','Actual club'),(427,486,16,'2023-09-01','Actual club'),(428,487,16,'2023-01-30','Actual club'),(429,488,16,'2023-09-01','Actual club'),(430,489,16,'2020-08-31','Actual club'),(431,490,16,'2022-08-13','Actual club'),(432,491,16,'2023-09-01','Actual club'),(433,492,16,'2023-09-01','Actual club'),(434,493,16,'2016-07-01','Actual club'),(435,494,16,'2023-01-15','Actual club'),(436,495,16,'2022-08-19','Actual club'),(437,496,16,'2023-08-01','Actual club'),(438,497,16,'2023-09-01','Actual club'),(439,498,16,'2022-06-25','Actual club'),(440,499,16,'2023-01-20','Actual club'),(441,500,16,'2023-09-01','Actual club'),(442,501,17,'2020-07-01','Actual club'),(443,502,17,'2022-01-28','Actual club'),(444,503,17,'2021-07-01','Actual club'),(445,504,17,'2017-07-01','Actual club'),(446,505,17,'2020-09-07','Actual club'),(447,506,17,'2022-07-06','Actual club'),(448,507,17,'2018-07-19','Actual club'),(449,508,17,'2014-07-01','Actual club'),(450,509,17,'2020-01-21','Actual club'),(451,510,17,'2019-07-26','Actual club'),(452,511,17,'2018-08-13','Actual club'),(453,512,17,'2020-01-30','Actual club'),(454,513,17,'2016-07-01','Actual club'),(455,514,17,'2023-07-01','Actual club'),(456,515,17,'2023-08-01','Actual club'),(457,516,17,'2019-07-01','Actual club'),(458,517,17,'2020-10-02','Actual club'),(459,518,17,'2019-08-02','Actual club'),(460,519,17,'2023-08-31','Actual club'),(461,520,18,'2012-08-31','Actual club'),(462,521,18,'2022-07-01','Actual club'),(463,522,18,'2023-07-01','Actual club'),(464,523,18,'2015-07-01','Actual club'),(465,524,18,'2016-07-01','Actual club'),(466,525,18,'2023-07-01','Actual club'),(467,526,18,'2021-08-31','Actual club'),(468,527,18,'2014-07-01','Actual club'),(469,528,18,'2022-08-16','Actual club'),(470,529,18,'2022-07-01','Actual club'),(471,530,18,'2014-08-02','Actual club'),(472,531,18,'2021-08-01','Actual club'),(473,532,18,'2017-08-18','Actual club'),(474,533,18,'2023-08-01','Actual club'),(475,534,18,'2019-07-01','Actual club'),(476,535,18,'2023-08-01','Actual club'),(477,536,18,'2020-08-11','Actual club'),(478,537,18,'2022-07-01','Actual club'),(479,538,18,'2022-01-31','Actual club'),(480,539,18,'2018-07-01','Actual club'),(481,540,18,'2021-08-27','Actual club'),(482,541,18,'2023-07-01','Actual club'),(483,542,18,'2019-07-01','Actual club'),(484,543,18,'2021-07-26','Actual club'),(485,544,18,'2015-08-28','Actual club'),(486,545,18,'2022-01-31','Actual club'),(487,546,18,'2023-07-01','Actual club'),(488,547,18,'2022-07-01','Actual club'),(489,548,18,'2023-09-01','Actual club'),(490,577,20,'2021-07-01','Actual club'),(491,578,20,'2023-07-01','Actual club'),(492,579,20,'2023-07-01','Actual club'),(493,580,20,'2021-07-01','Actual club'),(494,581,20,'2023-07-01','Actual club'),(495,582,20,'2020-09-23','Actual club'),(496,583,20,'2020-09-19','Actual club'),(497,584,20,'2023-01-22','Actual club'),(498,585,20,'2018-08-09','Actual club'),(499,586,20,'2023-08-31','Actual club'),(500,587,20,'2020-09-02','Actual club'),(501,588,20,'2021-07-09','Actual club'),(502,589,20,'2022-07-01','Actual club'),(503,590,20,'2023-01-13','Actual club'),(504,591,20,'2023-07-01','Actual club'),(505,592,20,'2023-01-30','Actual club'),(506,593,20,'2022-07-01','Actual club'),(507,594,20,'2023-09-01','Actual club'),(508,595,20,'2023-07-01','Actual club'),(509,596,20,'2023-07-01','Actual club'),(510,597,20,'2019-09-02','Actual club'),(511,598,20,'2023-07-01','Actual club'),(512,599,20,'2021-08-24','Actual club'),(513,600,20,'2023-09-01','Actual club'),(514,601,20,'2020-01-30','Actual club'),(515,602,20,'2020-09-05','Actual club');
/*!40000 ALTER TABLE `clubs_players` ENABLE KEYS */;
UNLOCK TABLES;

--
-- Table structure for table `managers`
--

DROP TABLE IF EXISTS `managers`;
/*!40101 SET @saved_cs_client     = @@character_set_client */;
/*!40101 SET character_set_client = utf8 */;
CREATE TABLE `managers` (
  `id` int(11) NOT NULL AUTO_INCREMENT,
  `name` varchar(100) NOT NULL,
  `birthdate` date NOT NULL,
  `nationality` varchar(45) NOT NULL,
  `styleofplay` varchar(45) NOT NULL,
  PRIMARY KEY (`id`)
) ENGINE=InnoDB AUTO_INCREMENT=21 DEFAULT CHARSET=utf8;
/*!40101 SET character_set_client = @saved_cs_client */;

--
-- Dumping data for table `managers`
--

LOCK TABLES `managers` WRITE;
/*!40000 ALTER TABLE `managers` DISABLE KEYS */;
INSERT INTO `managers` (`id`, `name`, `birthdate`, `nationality`, `styleofplay`) VALUES (1,'Erik ten Hag','1970-02-02','Dutch','Offensive Tactics'),(2,'Mikel Arteta','1982-03-26','Spanish','Possession and Control'),(3,'Unai Emery','1971-11-03','Spanish','Versatile Tactics'),(4,'Andoni Iraola','1982-06-22','Spanish','High Pressing'),(5,'Thomas Frank','1973-10-09','Danish','Positional Attack'),(6,'Roberto De Zerbi','1979-06-06','Italian','Attractive and Offensive'),(7,'Vincent Kompany','1986-04-10','Belgian','Solid Defense'),(8,'Mauricio Pochettino','1972-03-02','Argentine','Pressing and Counterattack'),(9,'Oliver Glasner','1974-08-28','Austrian','Defensive Tactics'),(10,'Sean Dyche','1971-06-28','English','Physical and Direct'),(11,'Marco Silva','1977-07-12','Portuguese','Possession Game'),(12,'Jürgen Klopp','1967-06-16','German','Counterattack and High Pressure'),(13,'Robert Edwards','1982-12-25','English','Innovative Tactics'),(14,'Pep Guardiola','1971-01-18','Spanish','Tiki-Taka'),(15,'Eddie Howe','1977-11-29','English','Attractive Football'),(16,'Steve Cooper','1979-12-10','English','Youth Development'),(17,'Paul Heckingbottom','1977-07-17','English','Defensive Balance'),(18,'Ange Postecoglou','1965-08-27','Australian','Fast-paced Attack'),(19,'David Moyes','1963-04-25','Scottish','Defensive Organization'),(20,'Gary O\'Neil','1983-05-18','English','Adaptability');
/*!40000 ALTER TABLE `managers` ENABLE KEYS */;
UNLOCK TABLES;

--
-- Table structure for table `matches`
--

DROP TABLE IF EXISTS `matches`;
/*!40101 SET @saved_cs_client     = @@character_set_client */;
/*!40101 SET character_set_client = utf8 */;
CREATE TABLE `matches` (
  `id` int(11) NOT NULL AUTO_INCREMENT,
  `date` date NOT NULL,
  `goalshome` smallint(6) NOT NULL,
  `goalsagainst` smallint(6) NOT NULL,
  `referees_id` int(11) DEFAULT NULL,
  PRIMARY KEY (`id`),
  KEY `matches_referee_idx` (`referees_id`),
  CONSTRAINT `matches_referee` FOREIGN KEY (`referees_id`) REFERENCES `referees` (`id`) ON DELETE NO ACTION ON UPDATE CASCADE
) ENGINE=InnoDB AUTO_INCREMENT=381 DEFAULT CHARSET=utf8;
/*!40101 SET character_set_client = @saved_cs_client */;

--
-- Dumping data for table `matches`
--

LOCK TABLES `matches` WRITE;
/*!40000 ALTER TABLE `matches` DISABLE KEYS */;
INSERT INTO `matches` (`id`, `date`, `goalshome`, `goalsagainst`, `referees_id`) VALUES (1,'2023-08-11',0,3,1),(2,'2023-08-12',2,1,4),(3,'2023-08-12',5,1,5),(4,'2023-08-12',4,1,12),(5,'2023-08-12',1,1,17),(6,'2023-08-12',0,1,16),(7,'2023-08-12',0,1,10),(8,'2023-08-13',1,1,6),(9,'2023-08-13',2,2,2),(10,'2023-08-14',1,0,9),(11,'2023-08-18',2,1,17),(12,'2023-08-19',1,0,2),(13,'2023-08-19',3,1,19),(14,'2023-08-19',2,0,4),(15,'2023-08-19',0,3,21),(16,'2023-08-19',1,4,5),(17,'2023-08-20',4,0,6),(18,'2023-08-20',3,1,10),(19,'2023-08-21',0,1,12),(20,'2023-08-25',3,0,2),(21,'2023-08-26',2,2,7),(22,'2023-08-26',3,2,16),(23,'2023-08-26',1,3,6),(24,'2023-08-26',0,2,11),(25,'2023-08-26',0,1,1),(26,'2023-08-26',1,1,17),(27,'2023-08-27',1,2,10),(28,'2023-08-27',1,3,15),(29,'2023-08-27',1,2,3),(30,'2023-09-01',1,2,7),(31,'2023-09-02',5,1,4),(32,'2023-09-02',0,1,11),(33,'2023-09-02',3,1,16),(34,'2023-09-02',2,2,26),(35,'2023-09-02',2,5,14),(36,'2023-09-02',2,2,5),(37,'2023-09-03',3,1,6),(38,'2023-09-03',3,0,9),(39,'2023-09-03',3,2,2),(40,'2023-09-16',3,1,14),(41,'2023-09-16',2,1,17),(42,'2023-09-16',1,0,1),(43,'2023-09-16',1,3,3),(44,'2023-09-16',1,3,5),(45,'2023-09-16',1,0,15),(46,'2023-09-16',1,3,4),(47,'2023-09-17',0,0,12),(48,'2023-09-17',0,1,9),(49,'2023-09-18',1,1,2),(50,'2023-09-23',2,0,6),(51,'2023-09-23',0,0,7),(52,'2023-09-23',1,3,4),(53,'2023-09-23',1,1,18),(54,'2023-09-23',0,1,22),(55,'2023-09-24',2,2,2),(56,'2023-09-24',3,1,8),(57,'2023-09-24',0,1,3),(58,'2023-09-24',3,1,10),(59,'2023-09-24',0,8,16),(60,'2023-09-30',6,1,5),(61,'2023-09-30',2,1,9),(62,'2023-09-30',2,0,19),(63,'2023-09-30',0,1,8),(64,'2023-09-30',2,0,24),(65,'2023-09-30',0,4,15),(66,'2023-09-30',2,1,1),(67,'2023-09-30',1,2,6),(68,'2023-10-01',1,1,7),(69,'2023-10-02',0,2,11),(70,'2023-10-03',1,2,17),(71,'2023-10-07',2,1,5),(72,'2023-10-07',0,0,1),(73,'2023-10-07',3,1,13),(74,'2023-10-07',3,0,12),(75,'2023-10-07',0,1,10),(76,'2023-10-07',1,4,16),(77,'2023-10-08',1,0,4),(78,'2023-10-08',2,2,17),(79,'2023-10-08',2,2,6),(80,'2023-10-08',1,1,2),(81,'2023-10-21',2,1,2),(82,'2023-10-21',2,0,1),(83,'2023-10-21',2,2,8),(84,'2023-10-21',4,0,11),(85,'2023-10-21',1,2,7),(86,'2023-10-21',3,0,18),(87,'2023-10-21',2,2,13),(88,'2023-10-21',1,2,4),(89,'2023-10-22',4,1,12),(90,'2023-10-23',2,0,6),(91,'2023-10-27',1,2,5),(92,'2023-10-28',5,0,11),(93,'2023-10-28',0,2,9),(94,'2023-10-28',2,1,13),(95,'2023-10-28',2,2,6),(96,'2023-10-29',3,0,8),(97,'2023-10-29',3,1,10),(98,'2023-10-29',0,3,7),(99,'2023-10-29',0,1,16),(100,'2023-10-29',1,1,15),(101,'2023-11-04',6,1,1),(102,'2023-11-04',1,0,16),(103,'2023-11-04',0,1,10),(104,'2023-11-04',1,1,11),(105,'2023-11-04',3,2,19),(106,'2023-11-04',0,2,17),(107,'2023-11-04',2,1,2),(108,'2023-11-05',2,0,3),(109,'2023-11-05',1,1,5),(110,'2023-11-06',1,4,4),(111,'2023-11-11',3,1,4),(112,'2023-11-11',1,0,24),(113,'2023-11-11',2,3,13),(114,'2023-11-11',2,0,8),(115,'2023-11-11',2,1,11),(116,'2023-11-12',3,0,7),(117,'2023-11-12',3,1,9),(118,'2023-11-12',4,4,6),(119,'2023-11-12',3,2,15),(120,'2023-11-12',1,1,10),(121,'2023-11-25',1,1,8),(122,'2023-11-25',4,1,9),(123,'2023-11-25',0,1,11),(124,'2023-11-25',2,3,6),(125,'2023-11-25',2,1,3),(126,'2023-11-25',1,2,13),(127,'2023-11-25',1,3,5),(128,'2023-11-26',1,2,2),(129,'2023-11-26',0,3,10),(130,'2023-11-27',3,2,15),(131,'2023-12-02',2,1,17),(132,'2023-12-02',1,0,2),(133,'2023-12-02',3,1,6),(134,'2023-12-02',0,1,7),(135,'2023-12-02',5,0,8),(136,'2023-12-03',3,3,9),(137,'2023-12-03',4,3,16),(138,'2023-12-03',3,2,1),(139,'2023-12-03',1,1,4),(140,'2023-12-03',2,2,19),(141,'2023-12-05',1,0,3),(142,'2023-12-05',3,4,13),(143,'2023-12-06',1,0,10),(144,'2023-12-06',2,1,8),(145,'2023-12-06',0,2,1),(146,'2023-12-06',2,1,17),(147,'2023-12-06',5,0,18),(148,'2023-12-06',0,2,9),(149,'2023-12-07',1,2,15),(150,'2023-12-07',3,0,11),(151,'2023-12-09',1,0,3),(152,'2023-12-09',0,3,17),(153,'2023-12-09',1,2,5),(154,'2023-12-09',1,1,9),(155,'2023-12-09',1,1,13),(156,'2023-12-09',1,0,16),(157,'2023-12-10',4,1,8),(158,'2023-12-10',5,0,7),(159,'2023-12-10',2,0,4),(160,'2023-12-10',1,2,11),(161,'2023-12-15',0,2,3),(162,'2023-12-16',2,2,7),(163,'2023-12-16',2,0,5),(164,'2023-12-16',3,0,13),(165,'2023-12-16',0,2,6),(166,'2023-12-17',2,0,11),(167,'2023-12-17',0,0,4),(168,'2023-12-17',3,0,8),(169,'2023-12-17',1,2,12),(170,'2023-12-21',1,1,10),(171,'2023-12-22',1,1,6),(172,'2023-12-23',1,1,8),(173,'2023-12-23',2,1,16),(174,'2023-12-23',2,0,9),(175,'2023-12-23',0,2,27),(176,'2023-12-23',2,3,2),(177,'2023-12-23',1,0,14),(178,'2023-12-24',2,1,12),(179,'2023-12-26',1,3,8),(180,'2023-12-26',3,2,1),(181,'2023-12-26',3,0,11),(182,'2023-12-26',0,2,7),(183,'2023-12-26',2,3,23),(184,'2023-12-27',2,1,15),(185,'2023-12-27',1,3,10),(186,'2023-12-27',1,4,5),(187,'2023-12-28',0,2,4),(188,'2023-12-28',4,2,3),(189,'2023-12-30',2,0,12),(190,'2023-12-30',3,2,16),(191,'2023-12-30',3,1,2),(192,'2023-12-30',3,0,19),(193,'2023-12-30',2,1,11),(194,'2023-12-30',2,3,7),(195,'2023-12-31',3,1,9),(196,'2023-12-31',2,1,18),(197,'2024-01-01',4,2,6),(198,'2024-01-02',0,0,13),(199,'2024-01-12',1,1,22),(200,'2024-01-13',1,0,6),(201,'2024-01-13',2,3,8),(202,'2024-01-14',2,2,10),(203,'2024-01-14',0,0,12),(204,'2024-01-20',5,0,7),(205,'2024-01-20',3,2,14),(206,'2024-01-21',0,4,5),(207,'2024-01-21',2,2,15),(208,'2024-01-22',0,0,1),(209,'2024-01-30',1,3,10),(210,'2024-01-30',3,2,22),(211,'2024-01-30',0,0,19),(212,'2024-01-30',1,2,9),(213,'2024-01-30',4,0,2),(214,'2024-01-31',3,1,13),(215,'2024-01-31',4,1,7),(216,'2024-01-31',3,2,12),(217,'2024-02-01',1,1,11),(218,'2024-02-01',3,4,3),(219,'2024-02-03',4,4,19),(220,'2024-02-03',4,1,9),(221,'2024-02-03',2,2,4),(222,'2024-02-03',2,2,21),(223,'2024-02-03',0,5,7),(224,'2024-02-04',3,1,6),(225,'2024-02-04',2,4,11),(226,'2024-02-04',3,0,5),(227,'2024-02-04',1,1,27),(228,'2024-02-05',1,3,3),(229,'2024-02-10',2,0,10),(230,'2024-02-10',3,1,11),(231,'2024-02-10',2,1,13),(232,'2024-02-10',3,1,14),(233,'2024-02-10',0,2,9),(234,'2024-02-10',2,3,6),(235,'2024-02-10',1,3,8),(236,'2024-02-11',1,2,2),(237,'2024-02-11',0,6,1),(238,'2024-02-12',1,3,4),(239,'2024-02-17',1,1,5),(240,'2024-02-17',1,2,6),(241,'2024-02-17',2,2,15),(242,'2024-02-17',1,2,20),(243,'2024-02-17',1,4,4),(244,'2024-02-17',2,0,19),(245,'2024-02-17',0,5,3),(246,'2024-02-18',1,2,12),(247,'2024-02-18',0,5,16),(248,'2024-02-19',1,1,7),(249,'2024-02-20',1,0,14),(250,'2024-02-21',4,1,5),(251,'2024-02-24',4,1,7),(252,'2024-02-24',4,2,13),(253,'2024-02-24',1,2,4),(254,'2024-02-24',3,0,20),(255,'2024-02-24',1,1,22),(256,'2024-02-24',0,1,3),(257,'2024-02-25',1,0,21),(258,'2024-02-26',4,2,9),(259,'2024-03-02',3,1,10),(260,'2024-03-02',3,0,11),(261,'2024-03-02',3,0,9),(262,'2024-03-02',1,3,1),(263,'2024-03-02',2,2,3),(264,'2024-03-02',0,1,7),(265,'2024-03-02',2,3,4),(266,'2024-03-03',3,1,5),(267,'2024-03-03',0,2,12),(268,'2024-03-04',0,6,13),(269,'2024-03-09',2,1,2),(270,'2024-03-09',2,0,9),(271,'2024-03-09',1,1,25),(272,'2024-03-09',2,2,6),(273,'2024-03-09',2,1,22),(274,'2024-03-10',1,1,4),(275,'2024-03-10',0,4,8),(276,'2024-03-10',2,2,14),(277,'2024-03-10',1,0,15),(278,'2024-03-11',3,2,10),(279,'2024-03-13',4,3,23),(280,'2024-03-16',3,0,2),(281,'2024-03-16',1,1,14),(282,'2024-03-16',2,1,21),(283,'2024-03-17',1,1,3),(284,'2024-03-30',2,0,7),(285,'2024-03-30',2,1,3),(286,'2024-03-30',2,2,14),(287,'2024-03-30',4,3,2),(288,'2024-03-30',2,1,13),(289,'2024-03-30',1,1,9),(290,'2024-03-30',1,1,8),(291,'2024-03-30',3,3,11),(292,'2024-03-31',0,0,6),(293,'2024-03-31',2,1,12),(294,'2024-04-02',1,1,22),(295,'2024-04-02',1,1,10),(296,'2024-04-02',1,0,24),(297,'2024-04-02',3,1,4),(298,'2024-04-02',1,1,19),(299,'2024-04-03',4,1,14),(300,'2024-04-03',2,0,1),(301,'2024-04-03',0,0,5),(302,'2024-04-04',3,1,16),(303,'2024-04-04',4,3,3),(304,'2024-04-06',3,3,15),(305,'2024-04-06',2,4,7),(306,'2024-04-06',0,3,10),(307,'2024-04-06',0,1,23),(308,'2024-04-06',1,2,22),(309,'2024-04-06',1,0,4),(310,'2024-04-06',2,1,5),(311,'2024-04-07',3,1,9),(312,'2024-04-07',2,2,6),(313,'2024-04-07',2,2,2),(314,'2024-04-13',5,1,10),(315,'2024-04-13',4,0,11),(316,'2024-04-13',2,2,22),(317,'2024-04-13',2,0,13),(318,'2024-04-13',2,2,1),(319,'2024-04-13',1,1,9),(320,'2024-04-14',0,2,12),(321,'2024-04-14',0,1,8),(322,'2024-04-14',0,2,16),(323,'2024-04-15',6,0,7),(324,'2024-04-20',0,2,7),(325,'2024-04-20',1,5,3),(326,'2024-04-20',1,4,5),(327,'2024-04-21',3,1,11),(328,'2024-04-21',5,2,24),(329,'2024-04-21',1,3,1),(330,'2024-04-21',2,0,6),(331,'2024-04-23',5,0,9),(332,'2024-04-24',4,2,15),(333,'2024-04-24',2,0,19),(334,'2024-04-24',0,1,16),(335,'2024-04-24',2,0,5),(336,'2024-04-25',0,4,3),(337,'2024-04-27',2,2,1),(338,'2024-04-27',5,1,22),(339,'2024-04-27',1,1,10),(340,'2024-04-27',2,2,6),(341,'2024-04-27',1,1,16),(342,'2024-04-27',2,1,12),(343,'2024-04-27',1,0,14),(344,'2024-04-28',2,3,4),(345,'2024-04-28',3,0,7),(346,'2024-04-28',0,2,9),(347,'2024-05-02',2,0,2),(348,'2024-05-03',1,1,11),(349,'2024-05-04',5,1,1),(350,'2024-05-04',3,0,12),(351,'2024-05-04',0,0,24),(352,'2024-05-04',1,4,6),(353,'2024-05-04',1,3,8),(354,'2024-05-05',4,2,7),(355,'2024-05-05',5,0,5),(356,'2024-05-05',1,0,2),(357,'2024-05-06',4,0,3),(358,'2024-05-11',2,1,3),(359,'2024-05-11',1,1,14),(360,'2024-05-11',3,1,4),(361,'2024-05-11',1,2,28),(362,'2024-05-11',0,4,6),(363,'2024-05-11',1,3,19),(364,'2024-05-11',1,0,16),(365,'2024-05-11',2,3,22),(366,'2024-05-12',0,1,7),(367,'2024-05-13',3,3,9),(368,'2024-05-14',0,2,8),(369,'2024-05-15',3,2,2),(370,'2024-05-15',1,2,15),(371,'2024-05-19',3,1,10),(372,'2024-05-19',2,1,4),(373,'2024-05-19',2,0,8),(374,'2024-05-19',2,1,6),(375,'2024-05-19',5,0,21),(376,'2024-05-19',0,2,1),(377,'2024-05-19',2,4,9),(378,'2024-05-19',2,4,28),(379,'2024-05-19',1,2,24),(380,'2024-05-19',0,3,5);
/*!40000 ALTER TABLE `matches` ENABLE KEYS */;
UNLOCK TABLES;

--
-- Table structure for table `players`
--

DROP TABLE IF EXISTS `players`;
/*!40101 SET @saved_cs_client     = @@character_set_client */;
/*!40101 SET character_set_client = utf8 */;
CREATE TABLE `players` (
  `id` int(11) NOT NULL AUTO_INCREMENT,
  `name` varchar(45) NOT NULL,
  `birthdate` date NOT NULL,
  `nationality` varchar(45) NOT NULL,
  `shirtnumber` smallint(6) DEFAULT NULL,
  PRIMARY KEY (`id`)
) ENGINE=InnoDB AUTO_INCREMENT=603 DEFAULT CHARSET=utf8;
/*!40101 SET character_set_client = @saved_cs_client */;

--
-- Dumping data for table `players`
--

LOCK TABLES `players` WRITE;
/*!40000 ALTER TABLE `players` DISABLE KEYS */;
INSERT INTO `players` (`id`, `name`, `birthdate`, `nationality`, `shirtnumber`) VALUES (1,'André Onana','1996-04-02','Cameroon',24),(2,'Altay Bayındır','1998-04-14','Turkey',1),(3,'Tom Heaton','1986-04-15','England',22),(4,'Lisandro Martínez','1998-01-18','Argentina',6),(5,'Raphaël Varane','1993-04-25','France',19),(6,'Harry Maguire','1993-03-05','England',5),(7,'Victor Lindelöf','1994-07-17','Sweden',2),(8,'Willy Kambwala','2004-08-25','France',53),(9,'Jonny Evans','1988-01-03','Northern Ireland',35),(10,'Luke Shaw','1995-07-12','England',23),(11,'Tyrell Malacia','1999-08-17','Netherlands',12),(12,'Brandon Williams','2000-09-03','England',NULL),(13,'Diogo Dalot','1999-03-18','Portugal',20),(14,'Aaron Wan-Bissaka','1997-11-26','England',29),(15,'Scott McTominay','1996-12-08','Scotland',39),(16,'Sofyan Amrabat','1996-08-21','Morocco',4),(17,'Casemiro','1992-02-23','Brazil',18),(18,'Christian Eriksen','1992-02-14','Denmark',14),(19,'Bruno Fernandes','1994-09-08','Portugal',8),(20,'Mason Mount','1999-01-10','England',7),(21,'Facundo Pellistri','2001-12-20','Uruguay',28),(22,'Antony','2000-02-24','Brazil',21),(23,'Anthony Martial','1995-12-05','France',9),(24,'Marcus Rashford','1997-10-31','England',10),(25,'Aaron Ramsdale','1998-05-14','England',1),(26,'David Raya','1995-09-15','Spain',22),(27,'Karl Hein','2002-04-13','Estonia',31),(28,'William Saliba','2001-03-24','France',2),(29,'Ben White','1997-10-08','England',4),(30,'Gabriel Magalhães','1997-12-19','Brazil',6),(31,'Jurrien Timber','2001-06-17','Netherlands',12),(32,'Jakub Kiwior','2000-02-15','Poland',15),(33,'Cédric Soares','1991-08-31','Portugal',17),(34,'Takehiro Tomiyasu','1998-11-05','Japan',18),(35,'Oleksandr Zinchenko','1996-12-15','Ukraine',35),(36,'Thomas Partey','1993-06-13','Ghana',5),(37,'Martin Ødegaard','1998-12-17','Norway',8),(38,'Emile Smith Rowe','2000-07-28','England',10),(39,'Jorginho','1991-12-20','Italy',20),(40,'Fábio Vieira','2000-05-30','Portugal',21),(41,'Mohamed Elneny','1992-07-11','Egypt',25),(42,'Kai Havertz','1999-06-11','Germany',29),(43,'Declan Rice','1999-01-14','England',41),(44,'Bukayo Saka','2001-09-05','England',7),(45,'Gabriel Jesus','1997-04-03','Brazil',9),(46,'Gabriel Martinelli','2001-06-18','Brazil',11),(47,'Eddie Nketiah','1999-05-30','England',14),(48,'Leandro Trossard','1994-12-04','Belgium',19),(49,'Reiss Nelson','1999-12-10','England',24),(50,'Emiliano Martínez','1992-09-02','Argentina',1),(51,'Robin Olsen','1990-01-08','Sweden',25),(52,'Joe Gauci','2000-07-15','Australia',18),(53,'Matty Cash','1997-08-07','Poland',2),(54,'Diego Carlos','1993-03-15','Brazil',3),(55,'Ezri Konsa','1997-10-23','England',4),(56,'Tyrone Mings','1993-03-13','England',5),(57,'Álex Moreno','1993-06-08','Spain',15),(58,'Calum Chambers','1995-01-20','England',16),(59,'Lucas Digne','1993-07-20','France',12),(60,'Pau Torres','1997-01-16','Spain',14),(61,'Clément Lenglet','1995-06-17','France',17),(62,'Kaine Kesler-Hayden','2002-09-01','England',29),(63,'Douglas Luiz','1998-05-09','Brazil',6),(64,'John McGinn','1994-10-18','Scotland',7),(65,'Emiliano Buendía','1996-12-25','Argentina',10),(66,'Jacob Ramsey','2001-05-28','England',41),(67,'Boubacar Kamara','1999-11-23','France',44),(68,'Leon Bailey','1997-08-09','Jamaica',31),(69,'Youri Tielemans','1997-05-07','Belgium',8),(70,'Nicolò Zaniolo','1999-07-02','Italy',22),(71,'Ollie Watkins','1995-12-30','England',11),(72,'Jhon Durán','2003-12-13','Colombia',24),(73,'Moussa Diaby','1999-07-07','France',19),(74,'Cameron Archer','2001-12-09','England',35),(75,'Neto','1989-07-19','Brazil',1),(76,'Ryan Fredericks','1992-10-10','England',2),(77,'Milos Kerkez','2003-11-07','Hungary',3),(78,'Lewis Cook','1997-02-03','England',4),(79,'Lloyd Kelly','1998-10-01','England',5),(80,'Chris Mepham','1997-11-05','Wales',6),(81,'David Brooks','1997-07-08','Wales',7),(82,'Joe Rothwell','1995-01-11','England',8),(83,'Dominic Solanke','1997-09-14','England',9),(84,'Ryan Christie','1995-02-22','Scotland',10),(85,'Dango Ouattara','2002-02-11','Burkina Faso',11),(86,'Darren Randolph','1987-05-12','Ireland',12),(87,'Adam Smith','1991-04-29','England',15),(88,'Marcus Tavernier','1999-03-22','England',16),(89,'Justin Kluivert','1999-05-05','Netherlands',19),(90,'Ionuț Radu','1997-05-28','Romania',20),(91,'Kieffer Moore','1992-08-08','Wales',21),(92,'Hamed Traorè','2000-02-16','Ivory Coast',22),(93,'James Hill','2002-01-10','England',23),(94,'Antoine Semenyo','2000-01-07','Ghana',24),(95,'Marcos Senesi','1997-05-10','Argentina',25),(96,'Gavin Kilkenny','2000-02-01','Ireland',26),(97,'Illia Zabarnyi','2002-09-01','Ukraine',27),(98,'Philip Billing','1996-06-11','Denmark',29),(99,'Jaidon Anthony','1999-12-01','England',32),(100,'Alejandro Garnacho','2004-07-01','Argentina',17),(101,'Amad Diallo','2002-07-11','Cote D\'Ivoire',16),(102,'Rasmus Højlund','2003-02-04','Denmark',11),(103,'Kobbie Mainoo','2005-04-19','England',37),(104,'Hannibal Mejbri','2003-01-21','Tunisia',46),(105,'Rúnar Alex Rúnarsson','1995-02-18','Iceland',13),(106,'Arthur Okonkwo','2001-09-09','England',33),(107,'Rob Holding','1995-09-20','England',16),(108,'Kieran Tierney','1997-06-05','Scotland',3),(109,'Albert Sambi Lokonga','1999-10-22','Belgium',23),(110,'Nicolas Pépé','1995-05-29','Ivory Coast',19),(111,'Marquinhos','2003-04-07','Brazil',27),(112,'Folarin Balogun','2001-07-03','USA/England',26),(113,'Leander Dendoncker','1995-04-15','Belgium',32),(114,'Philippe Coutinho','1992-06-12','Brazil',23),(115,'Bertrand Traoré','1995-09-06','Burkina Faso',9),(116,'Jaden Philogene','2002-02-08','England',27),(117,'Kortney Hause','1995-07-16','England',30),(118,'Max Aarons','2000-01-04','England',37),(119,'Alex Scott','2003-08-21','England',14),(120,'Luis Sinisterra','1999-06-17','Colombia',17),(121,'Mark Flekken','1993-06-13','Netherlands',1),(122,'Aaron Hickey','2002-06-10','Scotland',2),(123,'Rico Henry','1997-07-08','England',3),(124,'Charlie Goode','1995-08-03','England',4),(125,'Ethan Pinnock','1993-05-29','Jamaica',5),(126,'Christian Nørgaard','1994-03-10','Denmark',6),(127,'Sergi Canós','1997-02-02','Spain',7),(128,'Mathias Jensen','1996-01-01','Denmark',8),(129,'Kevin Schade','2001-11-27','Germany',9),(130,'Josh Dasilva','1998-10-23','England',10),(131,'Yoane Wissa','1996-09-03','DR Congo',11),(132,'Zanka','1990-04-23','Denmark',13),(133,'Frank Onyeka','1998-01-01','Nigeria',15),(134,'Ben Mee','1989-09-21','England',16),(135,'Ivan Toney','1996-03-16','England',17),(136,'Bryan Mbeumo','1999-08-07','Cameroon',19),(137,'Kristoffer Ajer','1998-04-17','Norway',20),(138,'Thomas Strakosha','1995-03-19','Albania',21),(139,'Nathan Collins','2001-04-30','Ireland',22),(140,'Keane Lewis-Potter','2001-02-22','England',23),(141,'Mikkel Damsgaard','2000-07-03','Denmark',24),(142,'Myles Peart-Harris','2002-09-18','England',25),(143,'Shandon Baptiste','1998-04-08','Grenada',26),(144,'Vitaly Janelt','1998-05-10','Germany',27),(145,'Mads Roerslev','1999-06-24','Denmark',30),(146,'Yehor Yarmolyuk','2004-03-01','Ukraine',33),(147,'Ji-soo Kim','2004-12-24','South Korea',36),(148,'Ellery Balcombe','1999-10-15','England',40),(149,'Vincent Angelini','2003-09-12','Scotland',41),(150,'Hákon Valdimarsson','2001-10-13','Iceland',31),(174,'Jason Steele','1990-08-18','English',23),(175,'Tom McGill','2000-03-25','Canadian',38),(176,'Bart Verbruggen','2002-08-18','Dutch',1),(177,'Tariq Lamptey','2000-09-30','Ghanaian',2),(178,'Igor Julio','1998-02-07','Brazilian',3),(179,'Adam Webster','1995-01-04','English',4),(180,'Lewis Dunk','1991-11-21','English',5),(181,'Pervis Estupiñán','1998-01-21','Ecuadorian',30),(182,'Joël Veltman','1992-01-15','Dutch',34),(183,'Valentín Barco','2004-07-23','Argentinian',19),(184,'Jan Paul van Hecke','2000-06-08','Dutch',29),(185,'James Milner','1986-01-04','English',6),(186,'Solly March','1994-07-20','English',7),(187,'Pascal Groß','1991-06-15','German',13),(188,'Jakub Moder','1999-04-07','Polish',15),(189,'Kaoru Mitoma','1997-05-20','Japanese',22),(190,'Billy Gilmour','2001-06-11','Scottish',11),(191,'Facundo Buonanotte','2004-12-23','Argentinian',40),(192,'Carlos Baleba','2004-02-03','Cameroonian',20),(193,'Jack Hinshelwood','2004-08-15','English',41),(194,'João Pedro','2001-09-26','Brazilian',9),(195,'Danny Welbeck','1990-11-26','English',18),(196,'Julio Enciso','2004-01-23','Paraguayan',10),(197,'Simon Adingra','2002-01-01','Ivorian',24),(198,'Evan Ferguson','2004-10-19','Irish',28),(199,'Jeremy Sarmiento','2002-06-16','Ecuadorian',19),(200,'Ansu Fati','2002-10-31','Spanish',31),(201,'Adam Lallana','1988-05-10','English',14),(202,'Mahmoud Dahoud','1996-01-01','German',8),(203,'Arijanet Muric','1998-11-07','Kosovar',49),(204,'James Trafford','2002-10-10','English',1),(205,'Lawrence Vigouroux','1993-11-19','Chilean',30),(206,'Connor Roberts','1995-09-23','Welsh',14),(207,'Vitinho','1999-06-02','Brazilian',22),(208,'Jordan Beyer','2000-05-19','German',36),(209,'Hjalmar Ekdal','1998-10-21','Swedish',18),(210,'Dara O\'Shea','1999-03-04','Irish',2),(211,'Ameen Al-Dakhil','2002-03-06','Belgian',28),(212,'Charlie Taylor','1993-09-18','English',3),(213,'Josh Cullen','1996-04-07','Irish',24),(214,'Sander Berge','1998-02-14','Norwegian',8),(215,'Jack Cork','1989-06-25','English',4),(216,'Josh Brownhill','1995-12-19','English',7),(217,'Johann Gudmundsson','1990-10-27','Icelandic',17),(218,'Manuel Benson','1997-03-28','Belgian',10),(219,'Mike Tresor','1999-03-28','Belgian',20),(220,'Aaron Ramsey','2003-01-21','English',25),(221,'Nathan Redmond','1994-03-06','English',11),(222,'Lyle Foster','2000-09-03','South African',12),(223,'Jay Rodriguez','1989-07-29','English',9),(224,'Zeki Amdouni','2000-12-04','Swiss',22),(225,'Anass Zaroury','2000-11-07','Moroccan',19),(226,'Michael Obafemi','2000-07-06','Irish',27),(227,'Samuel Bastien','1996-09-26','Belgian',26),(228,'Hannes Delcroix','1999-02-28','Belgian',5),(229,'Jacob Bruun Larsen','1998-09-19','Danish',19),(230,'Han-Noah Massengo','2001-07-07','French',6),(267,'Robert Sanchez','1997-11-18','Spanish',31),(268,'Marcus Bettinelli','1992-05-24','English',13),(269,'Lucas Bergstrom','2002-09-18','Finnish',47),(270,'Reece James','1999-12-08','English',24),(271,'Malo Gusto','2003-05-19','French',27),(272,'Marc Cucurella','1998-07-22','Spanish',3),(273,'Ben Chilwell','1996-12-21','English',21),(274,'Thiago Silva','1984-09-22','Brazilian',6),(275,'Wesley Fofana','2000-12-17','French',33),(276,'Benoit Badiashile','2001-03-26','French',5),(277,'Trevoh Chalobah','1999-07-05','English',14),(278,'Levi Colwill','2003-02-26','English',26),(279,'Axel Disasi','1998-03-11','French',2),(280,'Moisés Caicedo','2001-11-02','Ecuadorian',25),(281,'Enzo Fernandez','2001-01-17','Argentine',8),(282,'Conor Gallagher','2000-02-06','English',23),(283,'Lesley Ugochukwu','2004-03-26','French',16),(284,'Carney Chukwuemeka','2003-10-20','English',17),(285,'Raheem Sterling','1994-12-08','English',7),(286,'Mykhailo Mudryk','2001-01-05','Ukrainian',10),(287,'Noni Madueke','2002-03-10','English',11),(288,'Armando Broja','2001-09-10','Albanian',19),(289,'Nicolas Jackson','2001-06-20','Senegalese',15),(290,'Christopher Nkunku','1997-11-14','French',18),(291,'Ian Maatsen','2002-03-10','Dutch',29),(292,'Roméo Lavia','2004-01-06','Belgian',45),(293,'Mason Burstow','2003-08-04','English',37),(294,'Eddie Beach','2003-09-20','Welsh',50),(295,'Sam Johnstone','1993-03-25','English',1),(296,'Dean Henderson','1997-03-12','English',30),(297,'Joe Whitworth','2002-02-06','English',41),(298,'Remi Matthews','1994-02-10','English',31),(299,'Joel Ward','1989-10-29','English',2),(300,'Nathaniel Clyne','1991-04-05','English',17),(301,'Tyrick Mitchell','1999-09-01','English',3),(302,'Marc Guéhi','2000-07-13','English',6),(303,'Joachim Andersen','1996-05-31','Danish',16),(304,'James Tomkins','1989-03-29','English',5),(305,'Chris Richards','2000-03-28','American',26),(306,'Rob Holding','1995-09-20','English',4),(307,'Nathan Ferguson','2000-10-06','English',36),(308,'Daniel Muñoz','1996-05-24','Colombian',12),(309,'Cheick Doucouré','2000-01-08','Malian',28),(310,'Jefferson Lerma','1994-10-25','Colombian',8),(311,'Will Hughes','1995-04-17','English',19),(312,'Eberechi Eze','1998-06-29','English',10),(313,'Jeffrey Schlupp','1992-12-23','Ghanaian',15),(314,'Naouirou Ahamada','2002-03-29','French',29),(315,'Jairo Riedewald','1996-09-09','Dutch',44),(316,'Michael Olise','2001-12-12','French',7),(317,'Jordan Ayew','1991-09-11','Ghanaian',9),(318,'Odsonne Édouard','1998-01-16','French',22),(319,'Jean-Philippe Mateta','1997-06-28','French',14),(320,'Jesurun Rak-Sakyi','2002-10-05','English',49),(321,'Jordan Pickford','1994-03-07','English',1),(322,'João Virgínia','1999-10-10','Portuguese',31),(323,'Andy Lonergan','1983-10-19','English',40),(324,'Billy Crellin','2000-06-30','English',43),(325,'Nathan Patterson','2001-10-16','Scottish',2),(326,'Michael Keane','1993-01-11','English',5),(327,'James Tarkowski','1992-11-19','English',6),(328,'Ashley Young','1985-07-09','English',18),(329,'Vitalii Mykolenko','1999-05-29','Ukrainian',19),(330,'Ben Godfrey','1998-01-15','English',22),(331,'Séamus Coleman','1988-10-11','Irish',23),(332,'Jarrad Branthwaite','2002-06-27','English',32),(333,'Amadou Onana','2001-08-16','Belgian',8),(334,'Abdoulaye Doucouré','1993-01-01','Malian',16),(335,'Dele Alli','1996-04-11','English',20),(336,'André Gomes','1993-07-30','Portuguese',21),(337,'Idrissa Gueye','1989-09-26','Senegalese',27),(338,'James Garner','2001-03-13','English',37),(339,'Dwight McNeil','1999-11-22','English',7),(340,'Dominic Calvert-Lewin','1997-03-16','English',9),(341,'Arnaut Danjuma','1997-01-31','Dutch',10),(342,'Jack Harrison','1996-11-20','English',11),(343,'Beto','1998-01-31','Portuguese',14),(344,'Youssef Chermiti','2004-05-24','Portuguese',28),(345,'Lewis Dobbin','2003-01-03','English',61),(346,'Bernd Leno','1992-03-04','German',1),(347,'Marek Rodák','1996-12-13','Slovakian',12),(348,'Steven Benda','1998-10-01','German',29),(349,'Tim Ream','1987-10-05','American',13),(350,'Issa Diop','1997-01-09','French',31),(351,'Calvin Bassey','1999-12-31','Nigerian',3),(352,'Antonee Robinson','1997-08-08','American',33),(353,'Kenny Tete','1995-10-09','Dutch',2),(354,'Timothy Castagne','1995-12-05','Belgian',21),(355,'João Palhinha','1995-07-09','Portuguese',26),(356,'Harrison Reed','1995-01-27','English',6),(357,'Sasa Lukic','1996-08-13','Serbian',28),(358,'Tom Cairney','1991-01-20','Scottish',10),(359,'Andreas Pereira','1996-01-01','Brazilian',18),(360,'Alex Iwobi','1996-05-03','Nigerian',22),(361,'Bobby Decordova-Reid','1993-02-02','Jamaican',14),(362,'Harry Wilson','1997-03-22','Welsh',8),(363,'Willian','1988-08-09','Brazilian',20),(364,'Raúl Jiménez','1991-05-05','Mexican',7),(365,'Rodrigo Muniz','2001-05-04','Brazilian',19),(366,'Alisson Becker','1992-10-02','Brazilian',1),(367,'Caoimhin Kelleher','1998-11-23','Irish',62),(368,'Adrián','1987-01-03','Spanish',13),(369,'Trent Alexander-Arnold','1998-10-07','English',66),(370,'Joe Gomez','1997-05-23','English',2),(371,'Virgil van Dijk','1991-07-08','Dutch',4),(372,'Ibrahima Konaté','1999-05-25','French',5),(373,'Joel Matip','1991-08-08','Cameroonian',32),(374,'Andrew Robertson','1994-03-11','Scottish',26),(375,'Kostas Tsimikas','1996-05-12','Greek',21),(376,'Thiago Alcântara','1991-04-11','Spanish',6),(377,'Curtis Jones','2001-01-30','English',17),(378,'Alexis Mac Allister','1998-12-24','Argentine',10),(379,'Dominik Szoboszlai','2000-10-25','Hungarian',8),(380,'Harvey Elliott','2003-04-04','English',19),(381,'Stefan Bajčetić','2004-10-22','Spanish',43),(382,'Mohamed Salah','1992-06-15','Egyptian',11),(383,'Diogo Jota','1996-12-04','Portuguese',20),(384,'Darwin Núñez','1999-06-24','Uruguayan',9),(385,'Luis Díaz','1997-01-13','Colombian',7),(386,'Cody Gakpo','1999-05-07','Dutch',18),(387,'Wataru Endo','1993-02-09','Japanese',3),(388,'Ryan Gravenberch','2002-05-16','Dutch',38),(389,'Bobby Clark','2005-02-07','English',42),(390,'Jarell Quansah','2003-01-29','English',78),(391,'Ben Doak','2005-11-11','Scottish',50),(392,'Conor Bradley','2003-07-09','Northern Irish',84),(393,'James Shea','1991-06-16','English',1),(394,'Gabriel Osho','1998-08-14','English',2),(395,'Dan Potts','1994-04-13','English',3),(396,'Tom Lockyer','1994-12-03','Welsh',4),(397,'Mads Andersen','1997-12-27','Danish',5),(398,'Ross Barkley','1993-12-05','English',6),(399,'Chiedozie Ogbene','1997-05-01','Irish',7),(400,'Luke Berry','1992-07-12','English',8),(401,'Carlton Morris','1995-12-16','English',9),(402,'Cauley Woodrow','1994-12-02','English',10),(403,'Elijah Adebayo','1998-01-07','English',11),(404,'Issa Kaboré','2001-05-05','Burkinabe',12),(405,'Marvelous Nakamba','1994-01-19','Zimbabwean',13),(406,'Tahith Chong','1999-12-04','Dutch',14),(407,'Reece Burke','1996-09-02','English',16),(408,'Pelly Ruddock Mpanzu','1994-03-22','Congolese',17),(409,'Jordan Clark','1993-09-22','English',18),(410,'Louie Watson','2001-06-07','Irish',20),(411,'John McAtee','1999-07-23','English',21),(412,'Allan Campbell','1998-07-04','Scottish',22),(413,'Thomas Kaminski','1992-10-23','Belgian',24),(414,'Ryan Giles','2000-01-26','English',26),(415,'Amari’i Bell','1994-05-05','Jamaican',29),(416,'Matt Macey','1994-09-09','English',33),(417,'Joe Johnson','2004-10-09','English',38),(418,'Aidan Francis-Clarke','2004-03-11','English',40),(419,'Alfie Doughty','1999-12-21','English',45),(420,'Ederson','1993-08-17','Brazilian',31),(421,'Stefan Ortega','1992-11-06','German',18),(422,'Scott Carson','1985-09-03','English',33),(423,'Kyle Walker','1990-05-28','English',2),(424,'Rúben Dias','1997-05-14','Portuguese',3),(425,'John Stones','1994-05-28','English',5),(426,'Nathan Aké','1995-02-18','Dutch',6),(427,'Josko Gvardiol','2002-01-23','Croatian',24),(428,'Manuel Akanji','1995-07-19','Swiss',25),(429,'Rico Lewis','2004-11-21','English',82),(430,'Sergio Gómez','2000-09-04','Spanish',21),(431,'Josh Wilson-Esbrand','2002-12-26','English',97),(432,'Kevin De Bruyne','1991-06-28','Belgian',17),(433,'Rodri','1996-06-22','Spanish',16),(434,'Bernardo Silva','1994-08-10','Portuguese',20),(435,'Jack Grealish','1995-09-10','English',10),(436,'Phil Foden','2000-05-28','English',47),(437,'Mateo Kovacic','1994-05-06','Croatian',8),(438,'Matheus Nunes','1998-08-27','Portuguese',27),(439,'Oscar Bobb','2003-12-12','Norwegian',52),(440,'Erling Haaland','2000-07-21','Norwegian',9),(441,'Julián Álvarez','2000-01-31','Argentine',19),(442,'Jérémy Doku','2002-05-27','Belgian',11),(443,'Cole Palmer','2002-05-06','English',80),(444,'Kalvin Phillips','1995-12-02','English',4),(445,'Máximo Perrone','2003-01-07','Argentine',32),(446,'Taylor Harwood-Bellis','2002-01-30','English',78),(447,'Martin Dúbravka','1989-01-15','Slovakian',1),(448,'Nick Pope','1992-04-19','English',22),(449,'Mark Gillespie','1992-03-27','English',29),(450,'Loris Karius','1993-06-22','German',18),(451,'Kieran Trippier','1990-09-19','English',2),(452,'Emil Krafth','1994-08-02','Swedish',17),(453,'Javier Manquillo','1994-05-05','Spanish',19),(454,'Harrison Ashby','2001-11-14','Scottish',30),(455,'Sven Botman','2000-01-12','Dutch',4),(456,'Fabian Schär','1991-12-20','Swiss',5),(457,'Jamaal Lascelles','1993-11-11','English',6),(458,'Dan Burn','1992-05-09','English',33),(459,'Paul Dummett','1991-09-26','Welsh',3),(460,'Lewis Hall','2004-09-08','English',20),(461,'Matt Targett','1995-09-18','English',13),(462,'Tino Livramento','2002-11-12','English',21),(463,'Joelinton','1996-08-14','Brazilian',7),(464,'Sandro Tonali','2000-05-08','Italian',8),(465,'Sean Longstaff','1997-10-30','English',36),(466,'Joe Willock','1999-08-20','English',28),(467,'Bruno Guimarães','1997-11-16','Brazilian',39),(468,'Harvey Barnes','1997-12-09','English',15),(469,'Elliot Anderson','2002-11-06','Scottish',32),(470,'Anthony Gordon','2001-02-24','English',10),(471,'Miguel Almirón','1994-02-10','Paraguayan',24),(472,'Jacob Murphy','1995-02-24','English',23),(473,'Alexander Isak','1999-09-21','Swedish',14),(474,'Callum Wilson','1992-02-27','English',9),(475,'Matt Ritchie','1989-09-10','Scottish',11),(476,'Matt Turner','1994-06-24','American',1),(477,'Wayne Hennessey','1987-01-24','Welsh',13),(478,'Odysseas Vlachodimos','1994-04-26','Greek',23),(479,'Gonzalo Montiel','1997-01-01','Argentinian',29),(480,'Neco Williams','2001-04-13','Welsh',7),(481,'Ola Aina','1996-10-08','Nigerian',43),(482,'Harry Toffolo','1995-08-19','English',15),(483,'Nuno Tavares','2000-01-26','Portuguese',3),(484,'Willy Boly','1991-02-03','Ivorian',30),(485,'Moussa Niakhaté','1996-03-08','Senegalese',19),(486,'Murillo','2002-01-27','Brazilian',40),(487,'Felipe','1989-05-16','Brazilian',18),(488,'Andrew Omobamidele','2002-06-23','Irish',32),(489,'Scott McKenna','1996-11-12','Scottish',26),(490,'Cheikhou Kouyaté','1989-12-21','Senegalese',8),(491,'Ibrahim Sangaré','1997-12-02','Ivorian',6),(492,'Nicolás Domínguez','1998-06-28','Argentinian',16),(493,'Ryan Yates','1997-11-21','English',22),(494,'Danilo','2001-04-19','Brazilian',28),(495,'Morgan Gibbs-White','2000-01-27','English',10),(496,'Anthony Elanga','2002-04-27','Swedish',21),(497,'Callum Hudson-Odoi','2000-11-07','English',14),(498,'Taiwo Awoniyi','1997-08-12','Nigerian',9),(499,'Chris Wood','1991-12-07','New Zealand',11),(500,'Divock Origi','1995-04-18','Belgian',27),(501,'Wes Foderingham','1991-01-14','English',1),(502,'Adam Davies','1992-07-17','Welsh',12),(503,'Jordan Amissah','2001-08-02','German',18),(504,'George Baldock','1993-03-09','Greek',2),(505,'Jayden Bogle','2000-07-27','English',20),(506,'Anel Ahmedhodzic','1999-03-26','Bosnian',15),(507,'John Egan','1992-10-20','Irish',12),(508,'Chris Basham','1988-07-20','English',6),(509,'Jack Robinson','1993-09-01','English',19),(510,'Ben Osborn','1994-08-05','English',23),(511,'Ollie Norwood','1991-04-12','Northern Irish',16),(512,'Sander Berge','1998-02-14','Norwegian',8),(513,'John Fleck','1991-08-24','Scottish',4),(514,'James McAtee','2002-10-18','English',28),(515,'Gustavo Hamer','1997-06-24','Dutch',22),(516,'Iliman Ndiaye','2000-03-06','Senegalese',29),(517,'Rhian Brewster','2000-04-01','English',7),(518,'Oliver McBurnie','1996-06-04','Scottish',9),(519,'Cameron Archer','2001-12-09','English',10),(520,'Hugo Lloris','1986-12-26','French',1),(521,'Fraser Forster','1988-03-17','English',20),(522,'Guglielmo Vicario','1996-10-07','Italian',13),(523,'Brandon Austin','1999-01-08','English',40),(524,'Alfie Whiteman','1998-10-02','English',41),(525,'Pedro Porro','1999-09-13','Spanish',23),(526,'Emerson Royal','1999-01-14','Brazilian',12),(527,'Ben Davies','1993-04-24','Welsh',33),(528,'Destiny Udogie','2002-11-28','Italian',38),(529,'Ivan Perisic','1989-02-02','Croatian',14),(530,'Eric Dier','1994-01-15','English',15),(531,'Cristian Romero','1998-04-27','Argentine',17),(532,'Davinson Sanchez','1996-06-12','Colombian',6),(533,'Micky van de Ven','2001-04-19','Dutch',37),(534,'Japhet Tanganga','1999-03-31','English',25),(535,'Ashley Phillips','2005-06-26','English',35),(536,'Pierre-Emile Højbjerg','1995-08-05','Danish',5),(537,'Yves Bissouma','1996-08-30','Malian',8),(538,'Rodrigo Bentancur','1997-06-25','Uruguayan',30),(539,'Oliver Skipp','2000-09-16','English',4),(540,'Pape Matar Sarr','2002-09-14','Senegalese',29),(541,'James Maddison','1996-11-23','English',10),(542,'Giovani Lo Celso','1996-04-09','Argentine',18),(543,'Bryan Gil','2001-02-11','Spanish',11),(544,'Heung-Min Son','1992-07-08','South Korean',7),(545,'Dejan Kulusevski','2000-04-25','Swedish',21),(546,'Manor Solomon','1999-07-24','Israeli',27),(547,'Richarlison','1997-05-10','Brazilian',9),(548,'Brennan Johnson','2001-05-23','Welsh',22),(549,'Łukasz Fabiański','1985-04-18','Polish',1),(550,'Alphonse Areola','1993-02-27','French',23),(551,'Joseph Anang','2000-06-08','English',49),(552,'Jacob Knightbridge','2003-09-26','English',55),(553,'Ben Johnson','2000-01-24','English',2),(554,'Aaron Cresswell','1989-12-15','English',3),(555,'Kurt Zouma','1994-10-27','French',4),(556,'Vladimír Coufal','1992-08-22','Czech Republic',5),(557,'Angelo Ogbonna','1988-05-23','Italian',21),(558,'Nayef Aguerd','1996-03-30','Moroccan',27),(559,'Emerson','1994-08-03','Italian',33),(560,'Konstantinos Mavropanos','1997-12-11','Greek',15),(561,'Kaelan Casey','2004-10-09','English',42),(562,'Levi Laing','2004-11-28','English',53),(563,'Lucas Paquetá','1997-08-27','Brazilian',10),(564,'Edson Álvarez','1997-10-24','Mexican',19),(565,'Tomáš Souček','1995-02-27','Czech Republic',28),(566,'James Ward-Prowse','1994-11-01','English',7),(567,'Mohammed Kudus','2000-08-02','Ghanaian',14),(568,'George Earthy','2004-08-13','English',40),(569,'Kamarai Simon-Swyer','2005-05-18','English',58),(570,'Michail Antonio','1990-03-28','Jamaican',9),(571,'Maxwel Cornet','1996-09-27','Ivorian',17),(572,'Danny Ings','1992-03-23','English',18),(573,'Jarrod Bowen','1996-12-20','English',20),(574,'Divin Mubama','2004-10-25','English',45),(575,'Pablo Fornals','1996-02-22','Spanish',8),(576,'Thilo Kehrer','1996-09-21','German',24),(577,'José Sá','1993-01-17','Portuguese',1),(578,'Tom King','1995-03-09','Welsh',40),(579,'Daniel Bentley','1993-07-13','English',25),(580,'Louie Moulden','2002-01-06','English',13),(581,'Matt Doherty','1992-01-16','Irish',2),(582,'Nélson Semedo','1993-11-16','Portuguese',22),(583,'Ki-Jana Hoever','2002-01-18','Dutch',24),(584,'Craig Dawson','1990-05-06','English',15),(585,'Maximilian Kilman','1997-05-23','English',23),(586,'Santiago Bueno','1998-11-09','Uruguayan',4),(587,'Toti Gomes','1999-01-16','Portuguese',24),(588,'Rayan Aït-Nouri','2001-06-06','Algerian',3),(589,'Hugo Bueno','2002-09-18','Spanish',17),(590,'Mario Lemina','1993-09-01','Gabonese',5),(591,'Boubacar Traoré','2001-08-20','Malian',6),(592,'João Gomes','2001-02-12','Brazilian',8),(593,'Joe Hodge','2002-09-14','Irish',32),(594,'Jean-Ricner Bellegarde','1998-06-27','French',27),(595,'Tommy Doyle','2001-10-17','English',20),(596,'Pablo Sarabia','1992-05-11','Spanish',21),(597,'Pedro Neto','2000-03-09','Portuguese',7),(598,'Matheus Cunha','1999-05-27','Brazilian',12),(599,'Hee-Chan Hwang','1996-01-26','South Korean',11),(600,'Sasa Kalajdzic','1997-07-07','Austrian',18),(601,'Daniel Podence','1995-10-21','Portuguese',10),(602,'Fabio Silva','2002-07-19','Portuguese',29);
/*!40000 ALTER TABLE `players` ENABLE KEYS */;
UNLOCK TABLES;

--
-- Table structure for table `players_positions`
--

DROP TABLE IF EXISTS `players_positions`;
/*!40101 SET @saved_cs_client     = @@character_set_client */;
/*!40101 SET character_set_client = utf8 */;
CREATE TABLE `players_positions` (
  `id` int(11) NOT NULL AUTO_INCREMENT,
  `players_id` int(11) NOT NULL,
  `positions_id` int(11) NOT NULL,
  PRIMARY KEY (`id`),
  KEY `playerspositions_player_idx` (`players_id`),
  KEY `playerspositions_position_idx` (`positions_id`),
  CONSTRAINT `playerspositions_player` FOREIGN KEY (`players_id`) REFERENCES `players` (`id`) ON DELETE NO ACTION ON UPDATE CASCADE,
  CONSTRAINT `playerspositions_position` FOREIGN KEY (`positions_id`) REFERENCES `positions` (`id`) ON DELETE NO ACTION ON UPDATE CASCADE
) ENGINE=InnoDB AUTO_INCREMENT=662 DEFAULT CHARSET=utf8;
/*!40101 SET character_set_client = @saved_cs_client */;

--
-- Dumping data for table `players_positions`
--

LOCK TABLES `players_positions` WRITE;
/*!40000 ALTER TABLE `players_positions` DISABLE KEYS */;
INSERT INTO `players_positions` (`id`, `players_id`, `positions_id`) VALUES (1,1,1),(2,2,1),(3,3,1),(4,4,3),(5,5,3),(6,6,3),(7,7,3),(8,8,3),(9,9,3),(10,10,4),(11,11,4),(12,12,4),(13,13,2),(14,14,2),(15,15,5),(16,16,6),(17,17,6),(18,18,6),(19,19,6),(20,20,6),(21,21,8),(22,22,8),(23,23,9),(24,24,9),(25,25,1),(26,26,1),(27,27,1),(28,28,3),(29,29,2),(30,30,3),(31,31,3),(32,32,3),(33,33,2),(34,34,2),(35,35,4),(36,36,5),(37,37,7),(38,38,7),(39,39,5),(40,40,7),(41,41,5),(42,42,7),(43,43,5),(44,44,8),(45,45,9),(46,46,8),(47,47,9),(48,48,8),(49,49,8),(50,29,3),(51,31,2),(52,32,4),(53,34,3),(54,35,6),(55,38,8),(56,40,8),(57,42,9),(58,45,8),(59,46,9),(60,48,9),(61,49,8),(62,50,1),(63,51,1),(64,52,1),(65,53,2),(66,54,3),(67,55,3),(68,56,3),(69,57,4),(70,58,3),(71,59,4),(72,60,3),(73,61,3),(74,62,2),(75,63,5),(76,64,6),(77,65,7),(78,66,6),(79,67,5),(80,68,8),(81,69,6),(82,70,7),(83,71,9),(84,72,9),(85,73,9),(86,74,9),(87,75,1),(88,76,2),(89,77,4),(90,78,6),(91,79,3),(92,80,3),(93,81,8),(94,82,6),(95,83,9),(96,84,7),(97,85,8),(98,86,1),(99,87,2),(100,88,8),(101,89,8),(102,90,1),(103,91,9),(104,92,7),(105,93,3),(106,94,9),(107,95,3),(108,96,6),(109,97,3),(110,98,6),(111,99,8),(112,100,8),(113,101,8),(114,102,9),(115,103,6),(116,103,5),(117,104,6),(118,104,7),(119,105,1),(120,106,1),(121,107,3),(122,108,4),(123,109,6),(124,109,5),(125,110,8),(126,110,9),(127,111,8),(128,111,9),(129,112,9),(130,113,5),(131,113,3),(132,113,6),(133,114,7),(134,114,8),(135,115,8),(136,115,9),(137,116,6),(138,116,8),(139,117,3),(140,118,2),(141,119,6),(142,120,8),(143,121,1),(144,122,2),(145,123,4),(146,124,3),(147,125,3),(148,126,5),(149,127,8),(150,127,6),(151,128,6),(152,129,8),(153,129,9),(154,130,6),(155,131,8),(156,131,9),(157,132,3),(158,133,6),(159,134,3),(160,135,9),(161,136,8),(162,136,9),(163,137,3),(164,138,1),(165,139,3),(166,140,9),(167,140,6),(168,141,6),(169,142,6),(170,143,6),(171,144,6),(172,145,2),(173,146,6),(174,147,3),(175,148,1),(176,149,1),(177,150,1),(178,174,1),(179,175,1),(180,176,1),(181,177,2),(182,178,3),(183,179,3),(184,180,3),(185,181,4),(186,182,2),(187,183,4),(188,184,3),(189,185,6),(190,186,6),(191,187,6),(192,188,6),(193,189,6),(194,190,6),(195,191,6),(196,192,6),(197,193,6),(198,194,9),(199,195,9),(200,196,9),(201,197,9),(202,198,9),(203,199,9),(204,200,9),(205,201,6),(206,202,6),(207,203,1),(208,204,1),(209,205,1),(210,206,2),(211,207,2),(212,208,3),(213,209,3),(214,210,3),(215,211,3),(216,212,4),(217,213,6),(218,214,6),(219,215,6),(220,216,6),(221,217,6),(222,218,6),(223,219,6),(224,220,6),(225,221,6),(226,222,9),(227,223,9),(228,224,9),(229,225,9),(230,226,9),(231,227,6),(232,228,3),(233,229,6),(234,230,6),(235,267,1),(236,268,1),(237,269,1),(238,270,2),(239,271,2),(240,272,4),(241,273,4),(242,274,3),(243,275,3),(244,276,3),(245,277,3),(246,278,3),(247,279,3),(248,280,6),(249,280,5),(250,281,6),(251,282,6),(252,283,6),(253,284,6),(254,285,9),(255,285,8),(256,286,9),(257,286,8),(258,287,9),(259,287,8),(260,288,9),(261,289,9),(262,290,9),(263,291,6),(264,291,4),(265,292,6),(266,293,9),(267,294,1),(268,295,1),(269,296,1),(270,297,1),(271,298,1),(272,299,2),(273,299,4),(274,300,2),(275,301,4),(276,302,3),(277,303,3),(278,304,3),(279,305,3),(280,306,3),(281,307,3),(282,308,2),(283,309,6),(284,309,5),(285,310,6),(286,310,5),(287,311,6),(288,312,6),(289,312,7),(290,313,6),(291,314,6),(292,315,6),(293,316,6),(294,317,9),(295,317,8),(296,318,9),(297,319,9),(298,320,9),(299,321,1),(300,322,1),(301,323,1),(302,324,1),(303,325,2),(304,326,3),(305,327,3),(306,328,4),(307,329,4),(308,330,3),(309,331,2),(310,332,3),(311,333,6),(312,333,5),(313,334,6),(314,334,5),(315,335,6),(316,335,7),(317,336,6),(318,337,6),(319,337,5),(320,338,6),(321,338,5),(322,339,9),(323,339,8),(324,340,9),(325,341,9),(326,342,9),(327,343,9),(328,344,9),(329,345,9),(330,346,1),(331,347,1),(332,348,1),(333,349,3),(334,350,3),(335,351,3),(336,352,4),(337,353,2),(338,354,2),(339,355,5),(340,356,6),(341,357,6),(342,358,6),(343,359,6),(344,360,6),(345,361,9),(346,361,8),(347,362,9),(348,362,8),(349,363,9),(350,363,8),(351,364,9),(352,365,9),(353,366,1),(354,367,1),(355,368,1),(356,369,2),(357,369,6),(358,370,3),(359,370,2),(360,371,3),(361,372,3),(362,373,3),(363,374,4),(364,375,4),(365,376,6),(366,376,7),(367,377,6),(368,377,7),(369,378,6),(370,378,7),(371,379,6),(372,379,7),(373,380,6),(374,380,8),(375,381,5),(376,381,3),(377,382,9),(378,382,8),(379,383,9),(380,383,8),(381,384,9),(382,384,8),(383,385,8),(384,385,9),(385,386,9),(386,386,8),(387,387,5),(388,387,3),(389,388,6),(390,389,6),(391,390,3),(392,391,8),(393,391,9),(394,392,2),(395,393,1),(396,394,3),(397,395,4),(398,396,3),(399,397,3),(400,398,6),(401,399,8),(402,400,6),(403,401,9),(404,402,9),(405,402,6),(406,403,9),(407,404,2),(408,404,6),(409,405,5),(410,406,6),(411,406,8),(412,407,3),(413,408,5),(414,408,6),(415,409,6),(416,410,6),(417,411,9),(418,411,6),(419,412,6),(420,413,1),(421,414,4),(422,414,6),(423,415,4),(424,415,3),(425,416,1),(426,417,6),(427,418,6),(428,419,6),(429,420,1),(430,421,1),(431,422,1),(432,423,2),(433,424,3),(434,425,3),(435,426,3),(436,426,4),(437,427,3),(438,427,4),(439,428,3),(440,428,2),(441,429,2),(442,429,6),(443,430,4),(444,430,6),(445,431,4),(446,432,6),(447,432,7),(448,433,5),(449,433,6),(450,434,6),(451,434,8),(452,435,6),(453,435,8),(454,436,6),(455,436,8),(456,437,6),(457,438,6),(458,439,6),(459,440,9),(460,441,9),(461,442,9),(462,442,8),(463,443,6),(464,443,8),(465,444,6),(466,444,5),(467,445,6),(468,446,3),(469,447,1),(470,448,1),(471,449,1),(472,450,1),(473,451,2),(474,452,2),(475,453,2),(476,453,4),(477,454,2),(478,455,3),(479,456,3),(480,457,3),(481,458,3),(482,458,4),(483,459,3),(484,459,4),(485,460,4),(486,461,4),(487,462,2),(488,463,6),(489,463,9),(490,464,6),(491,464,5),(492,465,6),(493,465,5),(494,466,6),(495,467,6),(496,467,5),(497,468,6),(498,468,8),(499,469,6),(500,469,8),(501,470,6),(502,470,9),(503,471,6),(504,471,8),(505,472,6),(506,472,8),(507,473,9),(508,473,8),(509,474,9),(510,475,6),(511,475,8),(512,476,1),(513,477,1),(514,478,1),(515,479,2),(516,480,2),(517,481,2),(518,482,4),(519,483,4),(520,484,3),(521,485,3),(522,486,3),(523,487,3),(524,488,3),(525,489,3),(526,490,5),(527,491,5),(528,492,6),(529,493,6),(530,494,6),(531,495,6),(532,495,9),(533,496,9),(534,497,8),(535,498,9),(536,499,9),(537,500,9),(538,501,1),(539,502,1),(540,503,1),(541,504,2),(542,505,2),(543,506,3),(544,507,3),(545,508,3),(546,509,3),(547,509,4),(548,510,6),(549,510,4),(550,511,6),(551,512,6),(552,512,5),(553,513,6),(554,514,6),(555,515,6),(556,516,9),(557,516,6),(558,517,9),(559,518,9),(560,519,9),(561,520,1),(562,521,1),(563,522,1),(564,523,1),(565,524,1),(566,525,2),(567,525,6),(568,526,2),(569,527,4),(570,527,3),(571,528,4),(572,528,6),(573,529,4),(574,529,8),(575,530,3),(576,530,5),(577,531,3),(578,532,3),(579,533,3),(580,534,3),(581,534,2),(582,535,3),(583,536,6),(584,536,5),(585,537,6),(586,537,5),(587,538,6),(588,539,6),(589,540,6),(590,541,6),(591,541,7),(592,542,6),(593,542,7),(594,543,8),(595,544,8),(596,544,9),(597,545,8),(598,545,6),(599,546,8),(600,547,9),(601,547,8),(602,548,9),(603,548,8),(604,549,1),(605,550,1),(606,551,1),(607,552,1),(608,553,2),(609,554,4),(610,555,3),(611,556,2),(612,557,3),(613,558,3),(614,559,4),(615,560,3),(616,561,3),(617,562,3),(618,563,6),(619,564,5),(620,564,3),(621,565,6),(622,565,5),(623,566,6),(624,567,6),(625,568,6),(626,569,6),(627,570,9),(628,571,9),(629,572,9),(630,573,9),(631,574,9),(632,575,6),(633,576,3),(634,576,2),(635,577,1),(636,578,1),(637,579,1),(638,580,1),(639,581,2),(640,582,2),(641,583,2),(642,584,3),(643,585,3),(644,586,3),(645,587,3),(646,588,4),(647,589,4),(648,590,6),(649,590,5),(650,591,6),(651,592,6),(652,593,6),(653,594,6),(654,595,6),(655,596,6),(656,597,9),(657,598,9),(658,599,9),(659,600,9),(660,601,9),(661,602,9);
/*!40000 ALTER TABLE `players_positions` ENABLE KEYS */;
UNLOCK TABLES;

--
-- Table structure for table `positions`
--

DROP TABLE IF EXISTS `positions`;
/*!40101 SET @saved_cs_client     = @@character_set_client */;
/*!40101 SET character_set_client = utf8 */;
CREATE TABLE `positions` (
  `id` int(11) NOT NULL AUTO_INCREMENT,
  `name` varchar(45) NOT NULL,
  PRIMARY KEY (`id`,`name`)
) ENGINE=InnoDB AUTO_INCREMENT=10 DEFAULT CHARSET=utf8;
/*!40101 SET character_set_client = @saved_cs_client */;

--
-- Dumping data for table `positions`
--

LOCK TABLES `positions` WRITE;
/*!40000 ALTER TABLE `positions` DISABLE KEYS */;
INSERT INTO `positions` (`id`, `name`) VALUES (1,'Goalkeeper'),(2,'Right back'),(3,'Center back'),(4,'Left back'),(5,'Defensive midfielder'),(6,'Midfielder'),(7,'Attacking midfielder'),(8,'Winger'),(9,'Forward');
/*!40000 ALTER TABLE `positions` ENABLE KEYS */;
UNLOCK TABLES;

--
-- Table structure for table `referees`
--

DROP TABLE IF EXISTS `referees`;
/*!40101 SET @saved_cs_client     = @@character_set_client */;
/*!40101 SET character_set_client = utf8 */;
CREATE TABLE `referees` (
  `id` int(11) NOT NULL AUTO_INCREMENT,
  `name` varchar(45) NOT NULL,
  `birthdate` date NOT NULL,
  `nationality` varchar(45) NOT NULL,
  PRIMARY KEY (`id`)
) ENGINE=InnoDB AUTO_INCREMENT=29 DEFAULT CHARSET=utf8;
/*!40101 SET character_set_client = @saved_cs_client */;

--
-- Dumping data for table `referees`
--

LOCK TABLES `referees` WRITE;
/*!40000 ALTER TABLE `referees` DISABLE KEYS */;
INSERT INTO `referees` (`id`, `name`, `birthdate`, `nationality`) VALUES (1,'Craig Pawson','1979-03-02','English'),(2,'Robert Jones','1987-07-29','English'),(3,'Jarred Gillett','1986-11-01','Australian'),(4,'Michael Oliver','1985-02-20','English'),(5,'Andy Madley','1983-09-05','English'),(6,'Anthony Taylor','1978-10-20','English'),(7,'Paul Tierney','1980-12-25','English'),(8,'Chris Kavanagh','1985-09-04','English'),(9,'Simon Hooper','1982-07-15','English'),(10,'John Brooks','1990-04-26','English'),(11,'Tim Robinson','1984-01-13','English'),(12,'David Coote','1982-12-27','English'),(13,'Samuel Barrott','1990-04-06','English'),(14,'Darren England','1985-09-23','English'),(15,'Michael Salisbury','1984-05-15','English'),(16,'Stuart Attwell','1982-10-06','English'),(17,'Peter Bankes','1983-06-21','English'),(18,'Joshua Smith','1985-08-09','English'),(19,'Thomas Bramall','1987-01-14','English'),(20,'Lewis Smith','1989-11-29','English'),(21,'Darren Bond','1983-11-18','English'),(22,'Tony Harrington','1981-01-24','English'),(23,'Samuel Allison','1984-09-11','English'),(24,'Graham Scott','1968-10-10','English'),(25,'Sunny Singh','1986-03-15','English'),(26,'Robert Madley','1985-09-21','English'),(27,'Rebecca Welch','1983-10-10','English'),(28,'Matt Donohue','1986-02-22','English');
/*!40000 ALTER TABLE `referees` ENABLE KEYS */;
UNLOCK TABLES;

--
-- Table structure for table `standings`
--

DROP TABLE IF EXISTS `standings`;
/*!40101 SET @saved_cs_client     = @@character_set_client */;
/*!40101 SET character_set_client = utf8 */;
CREATE TABLE `standings` (
  `id` int(11) NOT NULL AUTO_INCREMENT,
  `position` int(11) DEFAULT NULL,
  `season` varchar(30) NOT NULL,
  `matchesplayed` smallint(6) NOT NULL,
  `points` smallint(6) NOT NULL,
  `goalsfor` smallint(6) NOT NULL,
  `goalsagainst` smallint(6) NOT NULL,
  `wins` smallint(6) NOT NULL,
  `draws` smallint(6) NOT NULL,
  `losses` smallint(6) NOT NULL,
  PRIMARY KEY (`id`)
) ENGINE=InnoDB AUTO_INCREMENT=21 DEFAULT CHARSET=utf8;
/*!40101 SET character_set_client = @saved_cs_client */;

--
-- Dumping data for table `standings`
--

LOCK TABLES `standings` WRITE;
/*!40000 ALTER TABLE `standings` DISABLE KEYS */;
INSERT INTO `standings` (`id`, `position`, `season`, `matchesplayed`, `points`, `goalsfor`, `goalsagainst`, `wins`, `draws`, `losses`) VALUES (1,1,'2023-2024',38,91,96,34,28,7,3),(2,2,'2023-2024',38,89,91,29,28,5,5),(3,3,'2023-2024',38,82,86,41,24,10,4),(4,4,'2023-2024',38,68,76,61,20,8,10),(5,5,'2023-2024',38,66,74,61,20,6,12),(6,6,'2023-2024',38,63,77,63,18,9,11),(7,7,'2023-2024',38,60,85,62,18,6,14),(8,8,'2023-2024',38,60,57,58,18,6,14),(9,9,'2023-2024',38,52,60,74,14,10,14),(10,10,'2023-2024',38,49,57,58,13,10,15),(11,11,'2023-2024',38,48,55,62,12,12,14),(12,12,'2023-2024',38,48,54,67,13,9,16),(13,13,'2023-2024',38,47,55,61,13,8,17),(14,14,'2023-2024',38,46,50,65,13,7,18),(15,15,'2023-2024',38,40,40,51,13,9,16),(16,16,'2023-2024',38,39,56,65,10,9,19),(17,17,'2023-2024',38,32,49,67,9,9,20),(18,18,'2023-2024',38,26,52,85,6,8,24),(19,19,'2023-2024',38,24,41,78,5,9,24),(20,20,'2023-2024',38,16,35,104,3,7,28);
/*!40000 ALTER TABLE `standings` ENABLE KEYS */;
UNLOCK TABLES;
/*!40103 SET TIME_ZONE=@OLD_TIME_ZONE */;

/*!40101 SET SQL_MODE=@OLD_SQL_MODE */;
/*!40014 SET FOREIGN_KEY_CHECKS=@OLD_FOREIGN_KEY_CHECKS */;
/*!40014 SET UNIQUE_CHECKS=@OLD_UNIQUE_CHECKS */;
/*!40101 SET CHARACTER_SET_CLIENT=@OLD_CHARACTER_SET_CLIENT */;
/*!40101 SET CHARACTER_SET_RESULTS=@OLD_CHARACTER_SET_RESULTS */;
/*!40101 SET COLLATION_CONNECTION=@OLD_COLLATION_CONNECTION */;
/*!40111 SET SQL_NOTES=@OLD_SQL_NOTES */;

-- Dump completed on 2024-08-20 17:54:02
